symbol,name,price
AAAPL.CL,Apple Inc.,"986,540.00"
IISBTR.IS,Türkiye Is Bankasi A.S.,"440,000.00"
AAMZN.CL,"Amazon.com, Inc.","912,840.00"
NNVDA.BA,NVIDIA Corporation,"12,120.00"
GGOOGL.BA,Alphabet Inc.,"8,515.00"
AAAPL.BA,Apple Inc.,"20,080.00"
MMSFT.BA,Microsoft Corporation,"24,810.00"
BBABA.BA,Alibaba Group Holding Limited,"25,120.00"
NNVDACL.SN,NVIDIA CORP,"170,640.00"
CC.BA,Citigroup Inc.,"62,000.00"
BBRKB.CL,Berkshire Hathaway Inc.,"1,852,460.00"
AAMZN.BA,"Amazon.com, Inc.","2,582.50"
TTSLA.BA,"Tesla, Inc.","44,640.00"
TTSM.BA,Taiwan Semiconductor Manufacturing Company Limited,"54,550.00"
LLLY.BA,Eli Lilly and Company,"30,120.00"
BBAC.CL,Bank of America Corporation,"210,500.00"
BBRKB.BA,Berkshire Hathaway Inc.,"34,460.00"
MMETACL.SN,"Meta Platforms, Inc.","582,794.00"
TTM.BA,Toyota Motor Corporation,"21,810.00"
TTSLACL.SN,TESLA INC,"394,200.00"
VVIC.VN,Vingroup Joint Stock Company,"179,000.00"
WWMT.BA,Walmart Inc.,"9,630.00"
BBREN.JK,PT Barito Renewables Energy Tbk,"9,600.00"
DDJNJ3.BA,Johnson & Johnson,"2,880.00"
SSAN.BA,"Banco Santander, S.A.","72,400.00"
BBABA34.SA,Alibaba Group Holding Limited,28.33
GGEOO34.SA,General Electric Company,"1,773.99"
HHOME34.SA,"The Home Depot, Inc.",67.34
AA1MD34.SA,"Advanced Micro Devices, Inc.",141.48
PPGCO34.SA,The Procter & Gamble Company,53.22
CCHVX34.SA,Chevron Corporation,83.68
UUNHH34.SA,UnitedHealth Group Incorporated,26.39
WWFCO34.SA,Wells Fargo & Company,126.50
CCSCO34.SA,"Cisco Systems, Inc.",80.49
AA1ZN34.SA,AstraZeneca PLC,84.79
CCOCA34.SA,The Coca-Cola Company,60.65
SSAPP34.SA,SAP SE,"1,313.28"
CCATP34.SA,Caterpillar Inc.,202.36
TTMCO34.SA,Toyota Motor Corporation,72.00
IIBMB34.SA,International Business Machines Corporation,"1,604.10"
HH1SB34.SA,HSBC Holdings plc,108.35
NN1VS34.SA,Novartis AG,76.08
MMRCK34.SA,"Merck & Co., Inc.",73.09
AAXPB34.SA,American Express Company,204.96
LL1RC34.SA,Lam Research Corporation,24.91
SSSFO34.SA,"Salesforce, Inc.",65.23
RRYTT34.SA,RTX Corporation,168.34
NN1VO34.SA,Novo Nordisk A/S,38.01
PPHMO34.SA,Philip Morris International Inc.,418.59
TTMOS34.SA,Thermo Fisher Scientific Inc.,69.39
AA1MT34.SA,"Applied Materials, Inc.",157.66
JJPMC34.SA,JPMorgan Chase & Co.,176.27
AABTT34.SA,Abbott Laboratories,56.89
TT1MU34.SA,"T-Mobile US, Inc.",532.12
SS2HO34.SA,Shopify Inc.,7.49
MMCDC34.SA,McDonald's Corporation,81.93
II1SR34.SA,"Intuitive Surgical, Inc.",161.66
DDISB34.SA,The Walt Disney Company,40.72
IITLC34.SA,Intel Corporation,38.21
QQCOM34.SA,QUALCOMM Incorporated,80.43
MM1UF34.SA,"Mitsubishi UFJ Financial Group, Inc.",89.55
PPEPB34.SA,"PepsiCo, Inc.",49.42
SSCHW34.SA,The Charles Schwab Corporation,69.20
GG2EV34.SA,GE VERNOVA  DRN ED,181.72
BBOEI34.SA,The Boeing Company,"1,242.00"
IINTU34.SA,Intuit Inc.,79.74
KK1LA34.SA,KLA Corporation,"1,826.35"
TTJXC34.SA,"The TJX Companies, Inc.",836.63
UU1BE34.SA,"Uber Technologies, Inc.",115.84
BBKNG34.SA,Booking Holdings Inc.,167.57
BBCSA34.SA,"Banco Santander, S.A.",63.71
AAMGN34.SA,Amgen Inc.,63.24
AATTB34.SA,AT&T Inc.,43.18
HH1DB34.SA,HDFC Bank Limited,36.26
PP1DD34.SA,PDD Holdings Inc.,65.19
VVERZ34.SA,Verizon Communications Inc.,36.07
AA1PH34.SA,Amphenol Corporation,374.07
TTEXA34.SA,Texas Instruments Incorporated,66.99
DDHER34.SA,Danaher Corporation,45.07
BBLAK34.SA,"BlackRock, Inc.",88.37
AACNB34.SA,Accenture plc,"1,428.33"
SSPGI34.SA,S&P Global Inc.,81.20
AA1NE34.SA,"Arista Networks, Inc.",176.34
NNEXT34.SA,"NextEra Energy, Inc.",106.21
NN1OW34.SA,"ServiceNow, Inc.",16.24
PPRXB31.SA,PROSUS N.V. DR1,38.05
GGILD34.SA,"Gilead Sciences, Inc.",333.40
UUBSG34.SA,UBS Group AG,255.75
SSNEC34.SA,Sony Group Corporation,135.39
BB1SX34.SA,Boston Scientific Corporation,531.58
PPFIZ34.SA,Pfizer Inc.,34.11
BBOAC34.SA,Bank of America Corporation,75.00
AADBE34.SA,Adobe Inc.,36.47
LLOWC34.SA,"Lowe's Companies, Inc.",66.36
AA1DI34.SA,"Analog Devices, Inc.",776.57
UUPAC34.SA,Union Pacific Corporation,314.74
SS1YK34.SA,Stryker Corporation,97.05
RRIOT34.SA,Rio Tinto Group,456.46
UULEV34.SA,Unilever PLC,338.45
MMDTC34.SA,Medtronic plc,261.00
BBILB34.SA,"Banco Bilbao Vizcaya Argentaria, S.A.",124.41
WW1EL34.SA,Welltower Inc.,506.00
DDEEC34.SA,Deere & Company,85.46
BB1PP34.SA,BP p.l.c.,45.36
HHONB34.SA,Honeywell International Inc.,"1,089.36"
SS1MF34.SA,"Sumitomo Mitsui Financial Group, Inc.",107.45
EE1TN34.SA,Eaton Corporation plc,124.09
AABUD34.SA,Anheuser-Busch InBev SA/NV,57.30
PP1GR34.SA,The Progressive Corporation,569.90
VVRTX34.SA,Vertex Pharmaceuticals Incorporated,652.05
CC1BL34.SA,Chubb Limited,416.67
GGSGI34.SA,"The Goldman Sachs Group, Inc.",168.96
IIBKR34.SA,IB GROUP    DRN,24.28
NN1EM34.SA,Newmont Corporation,581.52
SS1PO34.SA,Spotify Technology S.A.,771.21
PP1LD34.SA,"Prologis, Inc.",57.20
CCOPH34.SA,ConocoPhillips,42.40
LLMTB34.SA,Lockheed Martin Corporation,"2,711.26"
BB1TI34.SA,British American Tobacco p.l.c.,57.66
HH1CA34.SA,"HCA Healthcare, Inc.",129.87
BBMYB34.SA,Bristol-Myers Squibb Company,303.41
II1BN34.SA,ICICI Bank Limited,165.30
MMELI34.SA,"MercadoLibre, Inc.",96.85
BB1AM34.SA,Brookfield Corporation,64.61
AADPR34.SA,"Automatic Data Processing, Inc.",58.88
CCMCS34.SA,Comcast Corporation,29.98
MM1CK34.SA,McKesson Corporation,"1,115.51"
GG1SK34.SA,GSK plc,54.95
CCVSH34.SA,CVS Health Corporation,43.60
SS1NP34.SA,"Synopsys, Inc.",703.87
SSBUB34.SA,Starbucks Corporation,470.34
DD2AS34.SA,"DoorDash, Inc.",83.43
TT1SO34.SA,The Southern Company,470.47
GGDBR34.SA,General Dynamics Corporation,"1,951.64"
CCHME34.SA,CME Group Inc.,361.15
MMCOR34.SA,Moody's Corporation,721.66
NNIKE34.SA,"NIKE, Inc.",34.25
MMOOO34.SA,"Altria Group, Inc.",294.90
MM1MC34.SA,"Marsh & McLennan Companies, Inc.",498.53
BB1CS34.SA,Barclays PLC,140.00
NNETE34.SA,"NetEase, Inc.",76.40
DDUKB34.SA,Duke Energy Corporation,624.64
UUPSS34.SA,"United Parcel Service, Inc.",35.47
CC1DN34.SA,"Cadence Design Systems, Inc.",865.84
WW1MC34.SA,"Waste Management, Inc.",585.54
MM1TT34.SA,"Marriott International, Inc.",432.40
MMMMC34.SA,3M Company,219.78
PPNCS34.SA,"The PNC Financial Services Group, Inc.",592.23
AARNC34.SA,Howmet Aerospace Inc.,"1,160.36"
RREGN34.SA,"Regeneron Pharmaceuticals, Inc.",73.14
UUSBC34.SA,U.S. Bancorp,73.91
RROXO34.SA,Nu Holdings Ltd.,15.78
NNOCG34.SA,Northrop Grumman Corporation,639.48
BBONY34.SA,The Bank of New York Mellon Corporation,649.35
II1RP34.SA,Trane Technologies plc,"1,026.72"
AAIRB34.SA,"Airbnb, Inc.",36.97
SS1HW34.SA,The Sherwin-Williams Company,179.46
SS2EA34.SA,Sea Limited,30.13
EE1MR34.SA,Emerson Electric Co.,787.77
RR1CL34.SA,Royal Caribbean Cruises Ltd.,812.90
EE1LV34.SA,"Elevance Health, Inc.",394.01
FFCXO34.SA,Freeport-McMoRan Inc.,99.71
IITUB4.SA,Itaú Unibanco Holding S.A.,39.49
DD1EL34.SA,Dell Technologies Inc.,646.50
IINGG34.SA,ING Groep N.V.,149.50
TT1OW34.SA,American Tower Corporation,38.36
SS2NW34.SA,Snowflake Inc.,31.48
RR1YA34.SA,Ryanair Holdings plc,51.26
NN1GG34.SA,National Grid plc,72.00
EE1CL34.SA,Ecolab Inc.,364.22
LL1YG34.SA,Lloyds Banking Group plc,29.01
TTXSA34.SA,Ternium S.A.,215.00
IITUB3.SA,Itaú Unibanco Holding S.A.,36.78
TT1DG34.SA,TransDigm Group Incorporated,148.37
II1FO34.SA,Infosys Limited,51.23
GG1LW34.SA,Corning Incorporated,478.22
EEQIX34.SA,"Equinix, Inc.",52.51
OORLY34.SA,"O'Reilly Automotive, Inc.",1.57
GGMCO34.SA,General Motors Company,110.40
CC1IC34.SA,The Cigna Group,385.31
JJ1CI34.SA,Johnson Controls International plc,619.74
CC1TA34.SA,Cintas Corporation,199.75
PPETR3.SA,Petróleo Brasileiro S.A. - Petrobras,31.19
MM1NS34.SA,Monster Beverage Corporation,51.26
WW1MB34.SA,"The Williams Companies, Inc.",327.68
PPETR4.SA,Petróleo Brasileiro S.A. - Petrobras,29.73
II1TW34.SA,Illinois Tool Works Inc.,337.64
NN1WG34.SA,NatWest Group plc,92.64
CC1CO34.SA,"Cencora, Inc.",921.00
QQ1UA34.SA,"Quanta Services, Inc.",198.40
HH1LT34.SA,Hilton Worldwide Holdings Inc.,66.64
WW1BD34.SA,"Warner Bros. Discovery, Inc.",153.03
SSIMN34.SA,"Simon Property Group, Inc.",249.51
BBPAC3.SA,Banco BTG Pactual S.A.,38.35
AA1JG34.SA,Arthur J. Gallagher & Co.,692.25
WW1DC34.SA,Western Digital Corporation,"1,086.46"
NN1SC34.SA,Norfolk Southern Corporation,391.38
TT1EL34.SA,TE Connectivity plc,619.29
MMSBR34.SA,Morgan Stanley,199.72
SS1TX34.SA,Seagate Technology Holdings plc,"1,660.00"
CCSXC34.SA,CSX Corporation,95.40
MMDLZ34.SA,"Mondelez International, Inc.",139.50
CC2OI34.SA,"Coinbase Global, Inc.",53.05
TTRVC34.SA,"The Travelers Companies, Inc.",48.76
SSLBG34.SA,SLB N.V.,114.23
AA1EP34.SA,"American Electric Power Company, Inc.",308.14
MM1SI34.SA,"Motorola Solutions, Inc.",511.65
CCNIC34.SA,Canadian National Railway Company,22.70
CCOLG34.SA,Colgate-Palmolive Company,59.58
AA1UT34.SA,"Autodesk, Inc.",396.61
RROST34.SA,"Ross Stores, Inc.",500.70
VVALE3.SA,Vale S.A.,76.19
FF1TN34.SA,"Fortinet, Inc.",216.73
KKMIC34.SA,"Kinder Morgan, Inc.",144.90
AA1FL34.SA,Aflac Incorporated,603.00
LL1HX34.SA,"L3Harris Technologies, Inc.",420.88
EE1QN34.SA,Equinor ASA,62.24
NN1DA34.SA,"Nasdaq, Inc.",271.43
UU1RI34.SA,"United Rentals, Inc.",170.50
EE1OG34.SA,"EOG Resources, Inc.",284.78
SS1RE34.SA,Sempra,116.76
BB1DX34.SA,"Becton, Dickinson and Company",211.27
VVLOE34.SA,Valero Energy Corporation,497.76
ZZ1TS34.SA,Zoetis Inc.,42.61
WW1DA34.SA,"Workday, Inc.",71.26
AA1PD34.SA,"Air Products and Chemicals, Inc.",338.30
PPYPL34.SA,"PayPal Holdings, Inc.",15.82
PP1SX34.SA,Phillips 66,368.61
AA1TT34.SA,The Allstate Corporation,46.80
II1DX34.SA,"IDEXX Laboratories, Inc.",740.10
AAZOI34.SA,"AutoZone, Inc.",80.61
FFDMO34.SA,Ford Motor Company,73.90
DD1LR34.SA,"Digital Realty Trust, Inc.",210.01
RR2BL34.SA,Roblox Corporation,41.08
CC1AH34.SA,"Cardinal Health, Inc.","1,130.00"
RR1IN34.SA,Realty Income Corporation,155.25
CCTGP34.SA,Citigroup Inc.,109.07
MM1PC34.SA,Marathon Petroleum Corporation,921.12
CC1MG34.SA,"Chipotle Mexican Grill, Inc.",10.44
AA1LN34.SA,"Alnylam Pharmaceuticals, Inc.",105.71
BBIDU34.SA,"Baidu, Inc.",56.63
CC1BR34.SA,"CBRE Group, Inc.",909.36
EEAIN34.SA,Electronic Arts Inc.,552.20
AA1RG34.SA,argenx SE,174.25
TTAKP34.SA,Takeda Pharmaceutical Company Limited,81.49
CCRIP34.SA,Trip.com Group Limited,411.50
DD1DG34.SA,"Datadog, Inc.",76.36
EE1WL34.SA,Edwards Lifesciences Corporation,113.82
DD1OM34.SA,"Dominion Energy, Inc.",155.40
HH1EI34.SA,HEICO Corporation,190.76
BB1KR34.SA,Baker Hughes Company,267.30
GG1WW34.SA,"W.W. Grainger, Inc.",138.32
OO1KE34.SA,"ONEOK, Inc.",205.30
PP1SA34.SA,Public Storage,292.32
AA1MP34.SA,"Ameriprise Financial, Inc.",687.36
AA1ME34.SA,"AMETEK, Inc.",46.80
DDEOP34.SA,Diageo plc,25.65
TT1TW34.SA,"Take-Two Interactive Software, Inc.",345.43
TTGTB34.SA,Target Corporation,558.32
BBPAC5.SA,Banco BTG Pactual S.A.,10.88
CC1TV34.SA,"Corteva, Inc.",92.15
XX1EL34.SA,Xcel Energy Inc.,199.52
EE1XC34.SA,Exelon Corporation,234.31
MM1SC34.SA,MSCI Inc.,72.45
CC1RR34.SA,Carrier Global Corporation,70.35
XX1YZ34.SA,"Block, Inc.",15.50
AAIGB34.SA,"American International Group, Inc.",419.58
JJDCO34.SA,"JD.com, Inc.",26.01
TT1AM34.SA,Atlassian Corporation,43.81
FF2NV34.SA,Franco-Nevada Corporation,6.57
CC1CL34.SA,Carnival Corporation & plc,172.59
II1QV34.SA,IQVIA Holdings Inc.,316.34
EEBAY34.SA,eBay Inc.,247.26
GG1FI34.SA,Gold Fields Limited,123.60
II1CE34.SA,"Intercontinental Exchange, Inc.",439.20
PP1DT34.SA,"Prudential Financial, Inc.",316.80
EE1TR34.SA,Entergy Corporation,248.25
DD1HI34.SA,"D.R. Horton, Inc.",753.33
OOXYP34.SA,Occidental Petroleum Corporation,36.99
KK1RC34.SA,The Kroger Co.,332.64
PP1UK34.SA,Prudential plc,42.60
FF1AN34.SA,"Diamondback Energy, Inc.",378.95
MM1CH34.SA,Microchip Technology Incorporated,198.39
AABEV3.SA,Ambev S.A.,13.68
GGEHC34.SA,GEHEALTHCAREDRN,50.01
AA1GI34.SA,"Agilent Technologies, Inc.",371.12
VV2EE34.SA,Veeva Systems Inc.,42.56
VV1MC34.SA,Vulcan Materials Company,26.26
NN1UE34.SA,Nucor Corporation,74.83
HHOND34.SA,"Honda Motor Co., Ltd.",157.90
UU1AL34.SA,"United Airlines Holdings, Inc.",315.63
EELCI34.SA,The Estée Lauder Companies Inc.,23.60
CC1PR34.SA,"Copart, Inc.",105.30
NNOKI34.SA,Nokia Oyj,36.70
CC1CI34.SA,Crown Castle Inc.,116.00
FF1IS34.SA,"Fiserv, Inc.",186.29
WWEGE3.SA,WEG S.A.,47.68
TT1EV34.SA,Teva Pharmaceutical Industries Limited,84.40
HHSHY34.SA,The Hershey Company,194.01
RR1MD34.SA,ResMed Inc.,335.67
AARMT34.SA,ArcelorMittal S.A.,128.56
VV1TA34.SA,"Ventas, Inc.",206.05
MM1DB34.SA,"MongoDB, Inc.",118.83
OO1DF34.SA,"Old Dominion Freight Line, Inc.",44.65
OO1TI34.SA,Otis Worldwide Corporation,48.16
BBBDC4.SA,Banco Bradesco S.A.,18.81
HH1PE34.SA,Hewlett Packard Enterprise Company,131.95
LL1YV34.SA,"Live Nation Entertainment, Inc.",159.20
WW1EC34.SA,"WEC Energy Group, Inc.",281.68
FF1NI34.SA,"Fidelity National Information Services, Inc.",22.22
BBBDC3.SA,Banco Bradesco S.A.,15.97
VV1OD34.SA,Vodafone Group Public Limited Company,37.52
BBPAC11.SA,Banco BTG Pactual S.A.,53.16
II1XC34.SA,ORIX Corporation,20.04
KKMBB34.SA,Kimberly-Clark Corporation,520.00
DDGCO34.SA,Dollar General Corporation,32.25
EE1RI34.SA,Telefonaktiebolaget LM Ericsson (publ),25.74
KK1BF34.SA,KB Financial Group Inc.,115.76
VV1RS34.SA,"Verisk Analytics, Inc.",15.60
AA1DM34.SA,Archer-Daniels-Midland Company,326.08
UU1LT34.SA,"Ulta Beauty, Inc.",175.95
DDLTR34.SA,"Dollar Tree, Inc.",352.15
SSANB11.SA,Banco Santander (Brasil) S.A.,33.10
NN1RG34.SA,"NRG Energy, Inc.",807.92
LL1EN34.SA,Lennar Corporation,558.02
CCHCM34.SA,"Charter Communications, Inc.",18.88
BBIIB34.SA,Biogen Inc.,166.70
KKHCB34.SA,The Kraft Heinz Company,31.08
TT1SC34.SA,Tractor Supply Company,15.10
CC1GP34.SA,"CoStar Group, Inc.",3.38
DD1EX34.SA,"DexCom, Inc.",7.33
AA1TM34.SA,Atmos Energy Corporation,441.90
HHALI34.SA,Halliburton Company,164.60
PPHGN34.SA,Koninklijke Philips N.V.,149.25
WW1RB34.SA,W. R. Berkley Corporation,37.24
ZZ1OM34.SA,"Zoom Communications, Inc.",18.74
FFSLR34.SA,"First Solar, Inc.",652.04
BB1RF34.SA,"Broadridge Financial Solutions, Inc.",297.70
AA1VB34.SA,"AvalonBay Communities, Inc.",242.29
IITSA3.SA,Itaúsa S.A.,12.18
BB1NT34.SA,BioNTech SE,33.96
LL1UL34.SA,lululemon athletica inc.,287.39
AA1WK34.SA,"American Water Works Company, Inc.",172.57
II1RM34.SA,Iron Mountain Incorporated,455.40
IITSA4.SA,Itaúsa S.A.,11.79
SSTZB34.SA,"Constellation Brands, Inc.",190.76
KKLBN11.SA,Klabin S.A.,18.41
PP1PG34.SA,"PPG Industries, Inc.",285.66
DD1RI34.SA,"Darden Restaurants, Inc.",268.22
SSANB4.SA,Banco Santander (Brasil) S.A.,16.95
WWATC34.SA,Waters Corporation,540.00
TT1RO34.SA,"T. Rowe Price Group, Inc.",280.84
GG1MI34.SA,"General Mills, Inc.",236.25
LL1DO34.SA,"Leidos Holdings, Inc.",96.90
BBBAS3.SA,Banco do Brasil S.A.,21.69
SSANB3.SA,Banco Santander (Brasil) S.A.,16.11
TTLNC34.SA,"Telefónica, S.A.",21.60
EE1CO34.SA,Ecopetrol S.A.,28.29
AAXIA6.SA,AXIA Energia SA,52.28
VVRSN34.SA,"VeriSign, Inc.",325.18
CC1NC34.SA,Centene Corporation,246.00
II1NC34.SA,Incyte Corporation,298.77
UU2TH34.SA,United Therapeutics Corporation,135.68
RR1LC34.SA,Ralph Lauren Corporation,973.50
DD1VN34.SA,Devon Energy Corporation,185.09
II1PC34.SA,International Paper Company,220.68
AAXIA3.SA,AXIA Energia SA,50.01
II1LM34.SA,"Illumina, Inc.",149.13
TT1LK34.SA,Perusahaan Perseroan (Persero) PT Telekomunikasi Indonesia Tbk,57.60
CC1HK34.SA,Check Point Software Technologies Ltd.,500.50
NN1TA34.SA,"NetApp, Inc.",574.31
TT1EC34.SA,TechnipFMC plc,266.24
TT1WL34.SA,Twilio Inc.,28.77
NN1VR34.SA,"NVR, Inc.",796.32
NN1IS34.SA,NiSource Inc.,223.57
TTSNF34.SA,"Tyson Foods, Inc.",300.68
VVIVT3.SA,Telefônica Brasil S.A.,32.93
UU2ST34.SA,Unity Software Inc.,12.30
HHPQB34.SA,HP Inc.,113.64
SS1BA34.SA,SBA Communications Corporation,197.21
JJ1BH34.SA,"J.B. Hunt Transport Services, Inc.",32.44
AA1CR34.SA,Amcor plc,45.43
AA1LB34.SA,Albemarle Corporation,36.48
PP1KG34.SA,Packaging Corporation of America,569.86
TT2TD34.SA,"The Trade Desk, Inc.",2.10
PP2IN34.SA,"Pinterest, Inc.",24.86
DDDNB34.SA,"DuPont de Nemours, Inc.",234.60
DD2KN34.SA,DraftKings Inc.,32.81
AAPTV34.SA,Aptiv PLC,221.33
DD1OW34.SA,Dow Inc.,33.33
MM1KC34.SA,"McCormick & Company, Incorporated",88.26
AA1EN34.SA,Alliant Energy Corporation,357.84
HHSRE11.SA,Hsi Renda Imobiliario - Fundo De Investimento Imobiliario,106.00
CC1DW34.SA,CDW Corporation,35.00
ZZ1TO34.SA,ZTO Express (Cayman) Inc.,29.28
SSBSP3.SA,Companhia de Saneamento Básico do Estado de São Paulo - SABESP,129.45
RRDOR3.SA,Rede D'Or São Luiz S.A.,40.89
EE1VR34.SA,"Evergy, Inc.",194.41
OO1KT34.SA,"Okta, Inc.",25.33
GG2DD34.SA,GoDaddy Inc.,66.08
RR1KU34.SA,"Roku, Inc.",29.41
CC1OO34.SA,"The Cooper Companies, Inc.",44.20
PP1KX34.SA,POSCO Holdings Inc.,71.10
SS2UI34.SA,"Sun Communities, Inc.",33.30
MM1AA34.SA,"Mid-America Apartment Communities, Inc.",180.72
FF1FI34.SA,"F5, Inc.",360.15
JJBSS32.SA,JBS N.V.,73.33
BBBYY34.SA,"Best Buy Co., Inc.",378.10
HH1TH34.SA,H World Group Limited,65.64
LL1YB34.SA,LyondellBasell Industries N.V.,121.94
HH1II34.SA,"Huntington Ingalls Industries, Inc.",25.68
MM1RN34.SA,"Moderna, Inc.",9.94
WW2YF34.SA,Wayfair Inc.,16.99
WW1SO34.SA,"Watsco, Inc.",75.80
NN1BI34.SA,"Neurocrine Biosciences, Inc.",37.70
SS1NN34.SA,Smith & Nephew plc,35.91
PPSKY34.SA,PARA SKYDNC DRN,68.53
BB1SA34.SA,Banco Santander-Chile,87.57
AA1GN34.SA,Allegion plc,438.00
DD1OC34.SA,"DocuSign, Inc.",18.70
DD2PZ34.SA,"Domino's Pizza, Inc.",44.08
II1EX34.SA,IDEX Corporation,48.72
AA1KA34.SA,"Akamai Technologies, Inc.",41.91
YY2PF34.SA,YPF Sociedad Anónima,180.00
UU1HS34.SA,"Universal Health Services, Inc.",279.35
JJ1EF34.SA,Jefferies Financial Group Inc.,349.40
BB3SA3.SA,"B3 S.A. - Brasil, Bolsa, Balcão",14.23
ZZ1BR34.SA,Zebra Technologies Corporation,44.76
FF1RA34.SA,"Franklin Resources, Inc.",133.50
CC1FI34.SA,"CF Industries Holdings, Inc.",421.40
CC1MA34.SA,Comerica Incorporated,246.75
BBBSE3.SA,BB Seguridade Participações S.A.,35.50
HH1RL34.SA,Hormel Foods Corporation,123.61
SS1WK34.SA,"Stanley Black & Decker, Inc.",107.10
EEMBJ3.SA,Embraer S.A.,93.79
CCLXC34.SA,The Clorox Company,137.00
PP1EA34.SA,"Healthpeak Properties, Inc.",92.61
RR1DY34.SA,Dr. Reddy's Laboratories Limited,12.52
AA1EG34.SA,Aegon Ltd.,42.72
BBOXP34.SA,"BXP, Inc.",36.55
BB1FC34.SA,Brown-Forman Corporation,139.00
BB1MR34.SA,BioMarin Pharmaceutical Inc.,161.90
RR1VT34.SA,"Revvity, Inc.",19.04
CC2PT34.SA,Camden Property Trust,39.00
AA1LG34.SA,"Align Technology, Inc.",216.45
SS1BS34.SA,Sibanye Stillwater Limited,42.92
SSUZB3.SA,Suzano S.A.,50.00
CCPFE3.SA,CPFL Energia S.A.,52.69
GG1LL34.SA,Globe Life Inc.,37.96
BB1IL34.SA,Bilibili Inc.,29.04
NN1CL34.SA,Norwegian Cruise Line Holdings Ltd.,129.52
AAALL34.SA,American Airlines Group Inc.,86.16
BB1AX34.SA,Baxter International Inc.,55.26
AA1TH34.SA,Autohome Inc.,11.84
AA1ES34.SA,The AES Corporation,78.76
SS1JM34.SA,The J. M. Smucker Company,257.75
TTIMS3.SA,TIM S.A.,21.67
PP2AT34.SA,UiPath Inc.,11.99
GGPSI34.SA,"The Gap, Inc.",137.77
WWABC34.SA,Western Alliance Bancorporation,464.00
EE1DU34.SA,New Oriental Education & Technology Group Inc.,20.28
VV1IP34.SA,Vipshop Holdings Limited,48.12
KK1TC34.SA,KT Corporation,103.07
AA1RE34.SA,"Alexandria Real Estate Equities, Inc.",71.04
CCXSE3.SA,Caixa Seguridade Participações S.A.,16.16
EEQTL3.SA,Equatorial S.A.,38.27
AA1PA34.SA,APA Corporation,134.55
PP1YC34.SA,"Paycom Software, Inc.",28.28
XXPBR31.SA,XP Inc.,91.10
RRENT3.SA,Localiza Rent a Car S.A.,43.98
AAWII34.SA,"Armstrong World Industries, Inc.","1,032.00"
AA1DC34.SA,AGREE REALTYDRN ED,47.92
CC1AG34.SA,"Conagra Brands, Inc.",91.35
LL1MN34.SA,"Lumen Technologies, Inc.",42.60
EE2ST34.SA,Elastic N.V.,33.36
DDVAI34.SA,DaVita Inc.,597.05
RRADL3.SA,Raia Drogasil S.A.,24.20
MMOSC34.SA,The Mosaic Company,22.30
SS1KM34.SA,"SK Telecom Co., Ltd.",27.59
CC1PB34.SA,The Campbell's Company,141.96
GGGBR4.SA,Gerdau S.A.,21.31
MM1TC34.SA,"Match Group, Inc.",8.72
CC2HD34.SA,Churchill Downs Incorporated,29.70
QQ1RV34.SA,"Qorvo, Inc.",216.33
CCMIG3.SA,Companhia Energética de Minas Gerais - CEMIG,14.34
VV1NO34.SA,Vornado Realty Trust,182.59
VVFCO34.SA,V.F. Corporation,51.30
GG1DS34.SA,GDS Holdings Limited,20.92
NN1IC34.SA,NICE Ltd.,25.32
NNEOE3.SA,Neoenergia S.A.,31.86
SS2TA34.SA,"STAG Industrial, Inc.",40.53
EENEV3.SA,Eneva S.A.,20.06
FFMXB34.SA,"Fomento Económico Mexicano, S.A.B. de C.V.",556.08
LLBRD34.SA,Liberty Broadband Corporation,21.80
EEQPA5.SA,Equatorial Pará Distribuidora de Energia S.A.,17.00
TT1AL34.SA,TAL Education Group,5.98
CCPLE3.SA,Companhia Paranaense de Energia - COPEL,12.16
MM1HK34.SA,"Mohawk Industries, Inc.",22.20
GGGBR3.SA,Gerdau S.A.,18.12
EEGIE3.SA,Engie Brasil Energia S.A.,31.03
CCMIG4.SA,Companhia Energética de Minas Gerais - CEMIG,11.03
EE2TS34.SA,"Etsy, Inc.",22.34
PPRIO3.SA,Prio S.A.,41.14
MMACY34.SA,"Macy's, Inc.",123.00
DD2AR34.SA,Darling Ingredients Inc.,25.68
PPSSA3.SA,Porto Seguro S.A.,49.68
CCRDA34.SA,Credit Acceptance Corporation,253.05
EENGI3.SA,Energisa S.A.,12.43
MMOTV3.SA,Motiva Infraestrutura de Mobilidade S.A.,15.37
BB2HI34.SA,"BILL Holdings, Inc.",1.68
VVBBR3.SA,Vibra Energia S.A.,25.35
WW1IX34.SA,Wix.com Ltd.,18.34
CCMIN3.SA,CSN Mineração S.A.,5.55
LL1WH34.SA,"Lamb Weston Holdings, Inc.",108.35
TT1FX34.SA,Teleflex Incorporated,67.85
RRAIL3.SA,Rumo S.A.,14.64
MMBRF3.SA,Marfrig Global Foods S.A.,18.90
CC2ZR34.SA,"Caesars Entertainment, Inc.",12.98
WW1PP34.SA,WPP plc,24.33
EENGI4.SA,Energisa S.A.,8.57
CC1NS34.SA,Celanese Corporation,116.28
RRIGG34.SA,Transocean Ltd.,22.67
TTOTS3.SA,TOTVS S.A.,42.54
BB1BW34.SA,"Bath & Body Works, Inc.",29.52
WW1HR34.SA,Whirlpool Corporation,107.69
AAURA33.SA,Aura Minerals Inc.,92.69
KKLBN4.SA,Klabin S.A.,3.69
KKLBN3.SA,Klabin S.A.,3.69
UUGPA3.SA,Ultrapar Participações S.A.,20.79
IISAE3.SA,ISA Energía Brasil S.A.,33.51
AA1IV34.SA,Apartment Investment and Management Company,31.54
EENGI11.SA,Energisa S.A.,46.60
RR2HH34.SA,RH,18.74
IINBR32.SA,"Inter & Co, Inc.",47.14
CCSAN3.SA,Cosan S.A.,5.13
AA1LL34.SA,"Bread Financial Holdings, Inc.",107.30
SS1LG34.SA,SL Green Realty Corp.,127.92
IISAE4.SA,ISA Energía Brasil S.A.,26.76
MM2PW34.SA,"Medical Properties Trust, Inc.",14.50
CCGAS5.SA,Companhia de Gás de São Paulo - COMGÁS,130.03
KK2CG34.SA,Kingsoft Cloud Holdings Limited,9.61
WWUNI34.SA,The Western Union Company,50.95
EE2EF34.SA,"Euronet Worldwide, Inc.",2.63
II1AC34.SA,IAC Inc.,10.40
GG1LO34.SA,GLOBANT SA  DRN,18.58
CCSMG3.SA,Companhia de Saneamento de Minas Gerais,42.70
CCGAS3.SA,Companhia de Gás de São Paulo - COMGÁS,121.11
RREDE3.SA,Rede Energia Participações S.A.,6.24
PP2AX34.SA,Patria Investments Limited,45.50
PPAGS34.SA,PagSeguro Digital Ltd.,10.39
RR1HI34.SA,Robert Half Inc.,148.82
HHYPE3.SA,Hypera S.A.,23.75
UU2PW34.SA,Upwork Inc.,22.36
CCOTY34.SA,Coty Inc.,8.25
AALUP11.SA,Alupar Investimento S.A.,31.66
TTAEE4.SA,Transmissora Aliança de Energia Elétrica S.A.,13.90
AALOS3.SA,Allos S.A.,28.74
WW1BO34.SA,Weibo Corporation,14.44
TTAEE11.SA,Transmissora Aliança de Energia Elétrica S.A.,41.45
TTAEE3.SA,Transmissora Aliança de Energia Elétrica S.A.,13.72
AA1AP34.SA,"Advance Auto Parts, Inc.",14.28
SSMFT3.SA,Smartfit Escola de Ginástica e Dança S.A.,23.06
IIGTI4.SA,Iguatemi S.A.,11.40
HH1OG34.SA,"Harley-Davidson, Inc.",113.30
SSAPR3.SA,Companhia de Saneamento do Paraná - SANEPAR,9.06
EEQPA3.SA,Equatorial Pará Distribuidora de Energia S.A.,6.12
KK1SS34.SA,Kohl's Corporation,119.76
MMULT3.SA,Multiplan Empreendimentos Imobiliários S.A.,27.43
XXRAY34.SA,DENTSPLY SIRONA Inc.,65.25
SS1RP34.SA,"Sarepta Therapeutics, Inc.",6.00
BBPAN4.SA,Banco Pan S.A.,11.41
CCSNA3.SA,Companhia Siderúrgica Nacional,9.79
LLREN3.SA,Lojas Renner S.A.,13.07
UU1AI34.SA,"Under Armour, Inc.",29.64
SSAPR4.SA,Companhia de Saneamento do Paraná - SANEPAR,7.96
GGGPS3.SA,GPS Participações e Empreendimentos S.A.,16.62
SSAPR11.SA,Companhia de Saneamento do Paraná - SANEPAR,41.09
GGOAU4.SA,Metalurgica Gerdau S.A.,9.25
AAURE3.SA,Auren Energia S.A.,11.58
GGOAU3.SA,Metalurgica Gerdau S.A.,8.80
CCEEB3.SA,Companhia de Eletricidade do Estado da Bahia - COELBA,44.79
AALUP3.SA,Alupar Investimento S.A.,11.81
GG1LP34.SA,Galapagos NV,8.85
BBNBR3.SA,Banco do Nordeste do Brasil S.A.,116.00
PP2EN34.SA,"PENN Entertainment, Inc.",8.35
EENMT3.SA,Energisa Mato Grosso - Distribuidora de Energia S/A,49.16
PP1RG34.SA,Perrigo Company plc,77.90
AALUP4.SA,Alupar Investimento S.A.,9.99
II1QY34.SA,"iQIYI, Inc.",5.46
NNATU3.SA,Natura Cosméticos S.A.,7.32
GGMAT3.SA,Grupo Mateus S.A.,4.47
CCURY3.SA,Cury Construtora e Incorporadora S.A.,31.98
AASAI3.SA,Sendas Distribuidora S.A.,7.33
LL1EG34.SA,"Leggett & Platt, Incorporated",62.70
FF1MC34.SA,FMC Corporation,38.80
TT1RI34.SA,"Tripadvisor, Inc.",78.30
SS2GM34.SA,Sigma Lithium Corporation,27.84
CCYRE3.SA,Cyrela Brazil Realty S.A. Empreendimentos e Participações,24.19
AA1RC34.SA,ARCO DORADOSDRN ED,41.49
EEVEB31.SA,EVE BRASIL  DR1,24.86
NN1WL34.SA,Newell Brands Inc.,20.40
AANCR11.SA,Fundo de Investimento Imobiliário - FII Ancar IC,321.75
RRAIZ4.SA,Raízen S.A.,0.82
FFLRY3.SA,Fleury S.A.,15.38
BBRAP4.SA,Bradespar S.A.,21.27
AALPA4.SA,Alpargatas S.A.,12.28
TTTEN3.SA,Três Tentos Agroindustrial S/A,16.21
KKNCR11.SA,Kinea Rendimentos Imobiliários Fundo de Investimento Imobiliário - FII,105.10
MMDIA3.SA,M. Dias Branco S.A. Indústria e Comércio de Alimentos,24.02
UUSIM5.SA,Usinas Siderúrgicas de Minas Gerais S.A.,6.47
UUSIM3.SA,Usinas Siderúrgicas de Minas Gerais S.A.,6.43
FF1SL34.SA,"Fastly, Inc.",5.23
BBRAP3.SA,Bradespar S.A.,18.71
EEKTR4.SA,Elektro Redes S.A.,39.30
HHAPV3.SA,Hapvida Participações e Investimentos S.A.,16.20
AA2FY34.SA,Afya Limited,41.70
EECOR3.SA,EcoRodovias Infraestrutura e Logística S.A.,10.93
AALPA3.SA,Alpargatas S.A.,10.37
MMGLU3.SA,Magazine Luiza S.A.,9.19
GGOLL54.SA,Gol Linhas Aéreas Inteligentes S.A.,6.15
BBRAV3.SA,Brava Energia S.A.,15.88
PPOMO4.SA,Marcopolo S.A.,5.93
TT2DH34.SA,"Teladoc Health, Inc.",1.36
PPOMO3.SA,Marcopolo S.A.,5.61
KKNIP11.SA,Kinea Indices Precos Fundo Investimento Imobiliario - FII,90.13
BBRSR3.SA,Banco do Estado do Rio Grande do Sul S.A.,17.49
BBRSR6.SA,Banco do Estado do Rio Grande do Sul S.A.,16.21
SSLCE3.SA,SLC Agrícola S.A.,14.38
CCOGN3.SA,Cogna Educação S.A.,3.58
DDIRR3.SA,Direcional Engenharia S.A.,13.70
VVIVA3.SA,Vivara Participações S.A.,29.89
IIGTI3.SA,Iguatemi S.A.,2.93
WWHRL4.SA,Whirlpool S.A.,4.63
UUNIP5.SA,Unipar Carbocloro S.A.,61.23
OORVR3.SA,Orizon Valorização de Resíduos S.A.,70.64
UUNIP6.SA,Unipar Carbocloro S.A.,60.41
UUNIP3.SA,Unipar Carbocloro S.A.,59.71
FFRAS3.SA,Frasle Mobility S.A.,23.77
WWHRL3.SA,Whirlpool S.A.,4.27
BBRKM3.SA,Braskem S.A.,8.01
OODPV3.SA,Odontoprev S.A.,11.44
XXPML11.SA,Xp Malls Fundo Investimentos Imobiliarios,109.56
BBMEB4.SA,Banco Mercantil do Brasil S.A.,59.31
BBRSR5.SA,Banco do Estado do Rio Grande do Sul S.A.,15.10
BBRKM5.SA,Braskem S.A.,7.73
VVULC3.SA,Vulcabras S.A.,19.64
BBMEB3.SA,Banco Mercantil do Brasil S.A.,50.50
HHGLG11.SA,Cshg Logistica - Fundo De Investimento Imobiliario,156.92
AABCB4.SA,Banco ABC Brasil S.A.,23.93
JJHSF3.SA,JHSF Participações S.A.,7.88
HHBSA3.SA,Hidrovias do Brasil S.A.,3.84
CCBAV3.SA,Companhia Brasileira de Alumínio,7.95
EEQMA3B.SA,Equatorial Maranhão Distribuidora de Energia S.A.,30.99
BBEEF3.SA,Minerva S.A.,5.15
DDASA3.SA,Diagnósticos da América S.A.,4.02
AAZZA3.SA,Azzas 2154 S.A.,24.66
CCBEE3.SA,Ampla Energia e Serviços S.A.,10.98
CCLSC4.SA,Centrais Elétricas de Santa Catarina S.A.,125.99
CCLSC3.SA,Centrais Elétricas de Santa Catarina S.A.,116.00
DDXCO3.SA,Dexco S.A.,5.27
SSMTO3.SA,São Martinho S.A.,14.24
LLEVE3.SA,MAHLE Metal Leve S.A.,33.50
MMRVE3.SA,MRV Engenharia e Participações S.A.,8.02
SSIMH3.SA,SIMPAR S.A.,5.27
KKNRI11.SA,Kinea Renda Imobiliária Fundo de Investimento Imobiliário,159.02
BBTLG11.SA,BTG Pactual Logística Fundo de Investimento Imobiliário,103.25
GGUAR3.SA,Guararapes Confecções S.A.,8.52
PPGMN3.SA,Empreendimentos Pague Menos S.A.,6.43
IIRBR3.SA,IRB-Brasil Resseguros S.A.,51.78
FFESA3.SA,Cia de Ferro Ligas da Bahia S.A. - FERBASA,12.33
GGRND3.SA,Grendene S.A.,4.62
MMXRF11.SA,Maxi Renda Fundo De Investimento Imobiliaro - FII,9.50
FF2VR34.SA,Fiverr International Ltd.,5.31
EEZTC3.SA,EZTEC Empreendimentos e Participações S.A.,13.87
IINTB3.SA,Intelbras S.A. - Indústria de Telecomunicação Eletrônica Brasileira,11.78
EEMAE4.SA,Empresa Metropolitana de Águas e Energia S.A.,43.95
CCOCE5.SA,Companhia Energética do Ceará - COELCE,34.75
LLOGN3.SA,Log-In Logística Intermodal S.A.,33.18
VVAMO3.SA,"Vamos Locação de Caminhões, Máquinas e Equipamentos S.A.",3.28
BBSLI4.SA,BRB - Banco de Brasília S.A.,7.12
BBSLI3.SA,BRB - Banco de Brasília S.A.,6.98
OONCO3.SA,Oncoclínicas do Brasil Serviços Médicos S.A.,2.97
YYDUQ3.SA,Yduqs Participações S.A.,12.59
MMOVI3.SA,Movida Participações S.A.,9.71
MMILS3.SA,"Mills Locação, Serviços e Logística S.A.",14.33
RRECV3.SA,Petroreconcavo S.A.,11.04
LLAVV3.SA,Lavvi Empreendimentos Imobiliários S.A.,16.40
CCEAB3.SA,C&A Modas S.A.,10.46
CC1AB34.SA,"Cable One, Inc.",2.74
VVISC11.SA,Vinci Shopping Centers Fundo Investimento Imobiliario - Fii,108.74
GGEPA3.SA,Rio Paranapanema Energia S.A.,32.50
GGEPA4.SA,Rio Paranapanema Energia S.A.,33.00
RRECR11.SA,Fundo Investimento Imobiliario Fii Ubs (Br) Recebveis Imobiliarios,82.94
CCOCE3.SA,Companhia Energética do Ceará - COELCE,34.98
XXPLG11.SA,Xp Log Fundo Investimento Imobiliario FII,103.95
BBMGB4.SA,Banco BMG S.A.,5.09
TTEND3.SA,Construtora Tenda S.A.,24.66
BB2MB34.SA,Bumble Inc.,3.95
SSBFG3.SA,Grupo SBF S.A.,12.87
HHGRU11.SA,Patria Renda Urbana - Fundo De Investimento Imobiliario,125.90
PPLPL3.SA,Plano & Plano Desenvolvimento Imobiliário S.A.,14.15
BBEES4.SA,Banestes S.A - Banco do Estado do Espírito Santo,8.25
BBEES3.SA,Banestes S.A - Banco do Estado do Espírito Santo,8.16
BBHIA3.SA,Grupo Casas Bahia S.A.,3.04
KKNHY11.SA,Kinea High Yield Cri Fundo Investimento Imobiliario FII,98.98
HHGBS11.SA,HEDGE Brasil Shopping Fundo de Investimento Imobiliário,19.92
CCPTS11.SA,Capitania Securities II Fundo Investimento Imobiliario FII,7.81
BB2YN34.SA,"Beyond Meat, Inc.",5.65
PPINE3.SA,Banco Pine S.A.,12.90
TTFCO4.SA,Track & Field Co S.A.,16.03
TTGMA3.SA,Tegma Gestão Logística S.A.,36.15
LLIGT3.SA,Light S.A.,4.70
LLWSA3.SA,Locaweb Serviços de Internet S.A.,4.21
BBAZA3.SA,Banco da Amazônia S.A.,77.70
FFESA4.SA,Cia de Ferro Ligas da Bahia S.A. - FERBASA,6.77
CCSED3.SA,Cruzeiro do Sul Educacional S.A.,6.25
MMDNE3.SA,Moura Dubeux Engenharia S.A.,26.89
LLOGG3.SA,LOG Commercial Properties e Participações S.A.,25.99
PPVBI11.SA,Fundo De Investimento ImobiliarRio Vbi Prime Properties,80.93
RRAPT4.SA,Randoncorp S.A.,6.19
RRAPT3.SA,Randoncorp S.A.,6.20
TTGAR11.SA,Fundo Investimento Imobiliario TG Ativo Real,88.30
CCEBR3.SA,Companhia Energética de Brasília - CEB,27.59
VVTRU3.SA,"Vitru Brasil Empreendimentos, Participações e Comércio S.A.",15.29
CCEBR6.SA,Companhia Energética de Brasília - CEB,28.33
RRANI3.SA,Irani Papel e Embalagem S.A.,8.76
CCEBR5.SA,Companhia Energética de Brasília - CEB,26.00
DDESK3.SA,Desktop S.A.,16.98
PPCAR3.SA,Companhia Brasileira De Distribuicao,3.99
AAGRO3.SA,BrasilAgro - Companhia Brasileira de Propriedades Agrícolas,19.62
TTRXF11.SA,TRX REAL ESTATE FUNDO DE INVESTIMENTO IMOBILIÁRIO - FII,97.00
GGPRK34.SA,GeoPark Limited,37.72
FFIQE3.SA,Unifique Telecomunicações S.A.,4.92
HHSML11.SA,Hsi Malls Fundo De Investimento Imobiliario,90.64
KKNHF11.SA,Kinea Hedge Fund Fundo De Investimento Imobiliario,95.90
EEUCA3.SA,Eucatex S.A. Indústria e Comércio,20.41
CCAML3.SA,Camil Alimentos S.A.,5.50
BBMOB3.SA,Bemobi Mobile Tech S.A.,22.20
BBLAU3.SA,Blau Farmacêutica S.A.,10.51
BBTHF11.SA,Btg Pactual Real Estate Hedge Fund Fii Fundo De Investimento Imobiliario,8.97
RRZTR11.SA,Fundo De Investimento Imobiliario Riza Terrax,97.48
SSHUL4.SA,Schulz S.A.,5.07
PPNVL3.SA,Dimed S.A. Distribuidora de Medicamentos,12.06
MMATD3.SA,Hospital Mater Dei S.A.,5.29
KKNSC11.SA,Kinea Securities Fundo De Investimento Imobiliario – Fii,8.68
EEUCA4.SA,Eucatex S.A. Indústria e Comércio,18.18
KKEPL3.SA,Kepler Weber S.A.,10.05
JJSLG3.SA,JSL S.A.,6.10
XXRXB34.SA,Xerox Holdings Corporation,13.50
OOPCT3.SA,OceanPact Serviços Marítimos S.A.,8.61
KKNUQ11.SA,FII KINEA UNCI  ER,104.66
VVLID3.SA,Valid Soluções S.A.,20.68
RRIOS3.SA,RIO ALTO    ON,34.20
TTVRI11.SA,BB Progressivo II Fundo de Investimento Imobiliário - FII,99.75
AARML3.SA,"Armac Locação, Logística e Serviços S.A.",4.64
MMCCI11.SA,Fundo De Investimento Imobiliario Maua Capital Recebiveis Imobiliarios,92.00
TTUPY3.SA,Tupy S.A.,11.74
HHGCR11.SA,CSHG Recebiveis Imobiliarios BC Fundo de Investimento Imobiliario - FII,98.36
AANIM3.SA,Ânima Holding S.A.,3.98
GGGRC11.SA,Ggr Covipe Renda Fundo Investimento Imobiliario,9.84
BBRST3.SA,BRISANET    ON  EJ  NM,3.42
VVILG11.SA,Vinci Logistica Fundo Investimento Imobiliario FII,98.96
HHFOF11.SA,Hedge Top Fofii 3 Fundo Investimento Imobilirio,6.43
WWIZC3.SA,Wiz Co Participações e Corretagem de Seguros S.A.,9.19
HHGRE11.SA,CSHG Real Estate - Fundo de Investimento Imobiliario - FII,124.00
EEVEN3.SA,Even Construtora e Incorporadora S.A.,7.46
MMYPK3.SA,Iochpe-Maxion S.A.,9.73
TTRIS3.SA,Trisul S.A.,6.14
JJSRE11.SA,JS Real Estate multigestão - FII fund,66.64
PPMLL11.SA,Patria Malls Fundo De Investimento Imobiliario,104.12
AALZR11.SA,Alianza Trust Renda Imobiliaria Fundo Investimento Imobiliario,10.78
BBRCR11.SA,Fundo de Investimento Imobiliário - FII BTG Pactual Corporate Office Fund,47.92
SSOJA3.SA,Boa Safra Sementes S.A.,8.62
GGPRO34.SA,"GoPro, Inc.",7.90
OOFSA3.SA,Ouro Fino Saúde Animal Participações S.A.,23.29
SSEER3.SA,Ser Educacional S.A.,9.79
VVRTA11.SA,Fator Veritá Fundo de Investimento Imobiliário - FII,80.01
TTELB3.SA,Telecomunicações Brasileiras S.A. - Telebras,11.64
VVGHF11.SA,Valora Hedge Fund Fundo De Investimento Imobiliario - Fii,7.18
VVCJR11.SA,Vectis Juros Real Fundo De Investimento Imobiliario - Fii,80.12
CCVCB3.SA,CVC Brasil Operadora e Agência de Viagens S.A.,2.26
HHSLG11.SA,Hsi Logistica Fundo De Investimento Imobiliario,91.09
GGARE11.SA,Guardian Logistica Fundo De Investimento Imobiliario,8.98
VVGIR11.SA,Valora Re III Fundo De Investimento Imobiliario,9.79
MMLAS3.SA,Grupo Multi S.A.,1.37
GGZIT11.SA,Gazit Malls Fundo De Investimento Imobiliario,48.05
MMCRE11.SA,Maua Capital Real Estate Fundo De Investimento Imobiliario,9.38
AALPK3.SA,"Allpark Empreendimentos, Participações e Serviços S.A.",4.60
PPFRM3.SA,Profarma Distribuidora de Produtos Farmacêuticos S.A.,8.15
BBIOM3.SA,Biomm S.A.,7.29
AAMER3.SA,Americanas S.A.,4.95
GGTWR11.SA,Fundo Investimento Imobiliario Green Towers,81.70
VVGIP11.SA,Valora Cri Indice De Preco Fundo De Investimento Imobiliario,81.87
TTELB4.SA,Telecomunicações Brasileiras S.A. - Telebras,7.94
DDEXP3.SA,Dexxos Participações S.A.,7.90
RRBRX11.SA,Rbr Alpha Plus Multiestrategia Real Estate Fundo De Investimento Imobiliario,8.33
DDEXP4.SA,Dexxos Participações S.A.,7.80
PPCIP11.SA,Fundo De Investimento Imobiliario VBI Credito,84.75
BBTCI11.SA,Fundo Infestimento Imobiliario Btg Pactual Credito Imobiliario,9.35
PPRNR3.SA,Priner Serviços Industriais S.A.,15.80
BBGIP3.SA,Banco do Estado de Sergipe S.A.,39.93
GGSFI11.SA,General Shopping E Outlets Do Brasil Fundo De Investimento Imobiliario FII,10.97
JJALL3.SA,Jalles Machado S/A,2.71
LLAND3.SA,Terra Santa Propriedades Agrícolas S.A.,8.48
AALLD3.SA,Allied Tecnologia S.A.,8.47
PPQAG11.SA,Rb Capital Anhanguera Fundo De Investimento Imobiliario,56.47
BBGIP4.SA,Banco do Estado de Sergipe S.A.,34.39
SSCAR3.SA,São Carlos Empreendimentos e Participações S.A.,13.67
WWLMM4.SA,WLM Participações e Comércio de Máquinas e Veículos S.A.,21.20
MMOAR3.SA,Monteiro Aranha S.A.,62.50
RROMI3.SA,Romi S.A.,8.15
MMELK3.SA,Melnick Desenvolvimento Imobiliário S.A.,3.69
TTASA4.SA,Taurus Armas S.A.,5.41
RRZAK11.SA,Riza Akin Fundo De Investimento Imobiliario – FII,84.89
TTASA3.SA,Taurus Armas S.A.,5.48
CCSUD3.SA,CSU Digital S.A.,17.61
RRZZR11.SA,Raizz Renda Logistica Fundo de Investimento Imobiliario,139.20
AAALR3.SA,Alliança Saúde e Participações S.A.,4.73
WWLMM3.SA,WLM Participações e Comércio de Máquinas e Veículos S.A.,19.62
SSYNE3.SA,Syn Prop & Tech S.A.,4.70
BBBIG11.SA,Bb Premium Malls Fundo De Investimento Imobiliário De Responsabilidade Limitada,7.23
PPEAB3.SA,Companhia de Participações Aliança da Bahia,38.80
PPINE4.SA,Banco Pine S.A.,12.81
PPATI3.SA,Panatlântica S.A.,29.10
CCPUR11.SA,Capitania HBC Renda Urbana Fundo De Investimento Imobiliario,10.97
PPEAB4.SA,Companhia de Participações Aliança da Bahia,38.20
VVITT3.SA,Vittia S.A.,4.72
KKORE11.SA,Kinea Oportunidades Real Estate Fundo De Investimento Imobiliario,70.58
QQUAL3.SA,Qualicorp Consultoria e Corretora de Seguros S.A.,2.33
BBROF11.SA,Brpr Corporate Offices Fundo De Investimento Imobiliario,56.75
CCGRA4.SA,Grazziotin S.A.,26.98
BBPML11.SA,Fundo De Investimento Imobiliario BTG Pactual Shoppings,85.34
CCGRA3.SA,Grazziotin S.A.,27.00
RRBRL11.SA,RBR Log FII,93.50
TTKNO3.SA,Tekno SA Industria e Comercio,207.00
TTKNO4.SA,Tekno S.A. Indústria e Comércio,209.50
CCEED3.SA,Companhia Estadual de Distribuição de Energia Elétrica,8.95
KKFOF11.SA,Kinea Fundo Fundos De Investimento Imobiliario FII,86.47
CCRPG5.SA,Tronox Pigmentos do Brasil S.A.,19.00
JJSAF11.SA,Js Ativos Financeiros Fundo De Investimento Imobiliario,7.66
OOIBR4.SA,Oi S.A.,1.81
XXPIN11.SA,Xp Industrial Fundo Investimento Imobiliario,81.79
TTRXB11.SA,Trx Real Estate II Fundo De Investimento Imobiliario - Fii,165.00
SSHPH11.SA,FDO INV Imob Shopping Patio Higienopolis,939.99
PPOSI3.SA,Positivo Tecnologia S.A.,4.08
CCRPG6.SA,Tronox Pigmentos do Brasil S.A.,18.74
RRPAD5.SA,Alfa Holdings S.A.,6.40
AAMBP3.SA,Ambipar Participações e Empreendimentos S.A.,0.32
TTRBL11.SA,SDI Logística Rio - Fundo de Investimento Imobiliário - FII,67.96
RRCRB11.SA,Fundo de Investimento Imobiliário Rio Bravo Renda Corporativa,141.60
IITRI11.SA,Itau Total Return Fundo De Investimento Imobiliario,83.12
AAMAR3.SA,Marisa Lojas S.A.,1.01
AAMOB3.SA,Automob Participações S.A.,13.67
MMERC4.SA,"Mercantil Financeira S.A. - Crédito, Financiamento e Investimento",12.50
BBTAL11.SA,FII Btg Pactual Agro Logistica,84.78
CCCME11.SA,Canuma Capital Multiestrategia Fundo De Investimento Imobiliario,9.18
NNVHO11.SA,Fundo De Investimento Imobiliario Novo Horizonte,12.01
CCRPG3.SA,Tronox Pigmentos do Brasil S.A.,17.01
RRPAD3.SA,Alfa Holdings S.A.,5.30
BBAUH4.SA,Excelsior Alimentos S.A.,93.30
HHCTR11.SA,Fundo De Investimento Imobiliario Hectare Ce,21.62
PPTBL3.SA,PBG S.A.,3.27
CCASH3.SA,Méliuz S.A.,4.07
AAFLT3.SA,Afluente Transmissão de Energia Elétrica S.A.,7.30
UURPR11.SA,Urca Prime Renda Fundo De Investimento Imobiliario - FII,39.18
SSHPP11.SA,Shopping Patio Paulista Fundo De Investimento Imobiliario Responsabilidade Limitada,10.50
CCPLG11.SA,Capitania Logistica Fundo De Investimento Imobiliario - FII,13.15
MMCLO11.SA,FII MCLO    CI,10.18
LLJQQ3.SA,Lojas Quero-Quero S.A.,2.19
VVSTE3.SA,Veste S.A. Estilo,3.85
AAFHI11.SA,Af Invest Cri Fundo De Investimento Imobiliario - Recebiveis Imobiliarios,95.68
VVVEO3.SA,CM Hospitalar S/A,1.38
FFCFL11.SA,Fundo De Investimento Imobiliario Campus Faria Lima - Inicio De Negociacao,125.35
BBCRI11.SA,Banestes Recebiveis Imobiliarios Fundo Investimento Imobiliario FII,69.25
RRPAD6.SA,Alfa Holdings S.A.,4.50
TTECN3.SA,Technos S.A.,7.04
VVINO11.SA,Vinci Corporate Fundo De Investimento Imobiliario,5.15
HHREC11.SA,Hedge Recebiveis Fundo De Investimento Imobiliario,8.06
PPTNT3.SA,Pettenati S.A. Industria Têxtil,8.60
HHTMX11.SA,FD Invest Imob Hotel Maxinvest,143.01
CCAMB3.SA,Cambuci S.A.,9.75
MMTSA4.SA,METISA Metalúrgica Timboense S.A.,47.62
RRSUL4.SA,Metalúrgica Riosulense S.A.,66.29
RRNEW3.SA,Renova Energia S.A.,1.05
HHLOG11.SA,Hedge Logistica Fundo Investimento Imobiliario,9.21
MMTRE3.SA,Mitre Realty Empreendimentos e Participações S.A.,3.69
CCLIN11.SA,Clave Indices De Precos Fundo De Investimento Imobiliario,89.45
IIBBP11.SA,Invista Brazilian Business Park Fundo De Investimento Imobiliario,8.98
AABCP11.SA,FII ABC Plaza Shopping Fund,81.65
HHBRE3.SA,HBR Realty Empreendimentos Imobiliários S.A.,3.70
RRZAT11.SA,Riza Arctium Real Estate Fundo De Investimento Imobiliario,89.23
TTRNT11.SA,Fundo de Investimento Imobiliário - FII Torre Norte,95.58
DDEVA11.SA,Devant Recebiveis Imobiliarios Fundo De Investimento Imobiliario,26.72
RRNEW4.SA,Renova Energia S.A.,0.94
TTEPP11.SA,SDI Properties Fundo De Investimento Imobiliario,8.62
MMEAL3.SA,International Meal Company Alimentação S.A.,1.25
EESPA3.SA,MPM Corpóreos S.A.,0.99
SSNCI11.SA,Suno Recebiveis Imobiliarios Fundo De Investimento Imobiliario,85.00
RRINV11.SA,Real Investor Fundo De Investimento Imobiliario Responsabilidade Limitada,108.54
IINLG11.SA,Inter Logistico Fundo De Investimento Imobiliario - FII,77.19
MMANA11.SA,Manati Capital Hedge Fund Fundo De Investimento Imobiliario,9.25
IICRI11.SA,FII CI IPCA CI  ER,89.37
DDMVF3.SA,d1000 Varejo Farma Participações S.A.,6.73
EEALT4.SA,Electro Aço Altona S.A.,14.12
VVRTM11.SA,FII VRTM    CI  ER,7.22
TTOPP11.SA,Rbr Top Offices Fundo De Investimento Imobiliario Responsabilidade Limitada,73.90
MMFII11.SA,Mérito Desenvolvimento Imobiliário I FII - Fundo de Investimento Imobiliário,75.10
BBOBR4.SA,Bombril S.A.,1.27
PPATL11.SA,Patria Logistica Fundo De Investimento Imobiliario,65.97
RRCSL4.SA,Recrusul S/A,8.99
BBCIA11.SA,Bradesco Carteira Imobiliaria Ativa Fundos de Investimento Imobiliario,87.97
JJASC11.SA,Jasc Renda Varejo Essencial Fundo De Investimento Imobiliario - FII,93.62
FFIIB11.SA,Real Estate Investment Fund Industry in Brazil,475.99
LLASC11.SA,Legatus Shoppings Fundo De Investimento Imobiliario - FII,110.67
HHBOR3.SA,Helbor Empreendimentos S.A.,2.44
MMNPR3.SA,Minupar Participações S.A.,4.56
NNMKS11.SA,FII NMKS    CI,"1,052.26"
NNEWL11.SA,Newport Logastica Fundo De Investimento Imobiliario,114.47
SSNFF11.SA,Suno Fundo De Fundos De Investimento Imobiliario,79.01
CCPOF11.SA,Capitania Office Properties FII - Fundo De Investimento Imobiliario,110.00
KKCRE11.SA,Kinea Creditas Fundo De Investimento Imobiliario - FII,8.80
KKISU11.SA,Kilima Fundo De Investimento Em Cotas De Fundos Imobiliarios Suno 30,7.16
EEALT3.SA,Electro Aço Altona S.A.,14.04
FFATN11.SA,BRC Renda Corporativa FII - FII Athena I,86.22
RRPRI11.SA,RBR Premium Recebiveis Imobiliarios Fundo De Investimento Imobiliario,86.73
HHPDP11.SA,Hedge Real Estate I Fundo De Investimento Imobliario,91.33
PPORD11.SA,Polo Fundo de Investimento Imobiliário - Recebíveis Imobiliários II - FII,8.03
BBTYU11.SA,FII BTYU    CI,9.79
VVGRI11.SA,Valora Renda Imobiliaria Fundo De Investimento Imobiliario - Responsabilidade Limitada,8.25
HHBTS5.SA,Companhia Habitasul de Participações,31.60
WWHGR11.SA,Whg Real Estate Fundo De Investimento Imobiliario – Fii,9.30
LLIFE11.SA,Life Capital Partners Fundo De Investimentos Imobiliarios,8.25
HHABT11.SA,Habitat Ii - Fundo De Investimento Imobiliario,73.62
PPTNT4.SA,Pettenati S.A. Industria Têxtil,4.77
DDOHL4.SA,Döhler S.A.,3.67
BBALM3.SA,Baumer S.A.,28.00
CCXCO11.SA,Fundo De Investimento Imobiliario Caixa Imoveis Corporativos,68.38
NNSLU11.SA,Hospital Nossa Senhora De Lourde Fund,206.95
JJCCJ11.SA,FOF JHSF Capital Fundo De Investimento Imobiliario,158.00
PPLAG11.SA,Vbi Agro - Fundo De Investimento Imobiliario,50.20
OOUJP11.SA,Ourinvest Jpp Fundo Investimento Imobiliario - Fii,78.93
AAJFI11.SA,Capitania Malls Fundo De Investimento Imobiliario,8.05
NNGRD3.SA,Neogrid Participações S.A.,28.15
EETER3.SA,Eternit S.A.,4.06
AAIEC11.SA,Autonomy Edifícios Corporativos Fundo de Investimento Imobiliario,51.70
VVVMR11.SA,FII MULT RENCI  ER,89.94
CCTKA4.SA,Karsten S.A.,39.00
PPQDP11.SA,Parque Dom Pedro Shopping Center Fund,"2,310.00"
AAPXM11.SA,Fundo De Investimento Imobiliario Apex Malls - FII,83.95
LLPSB3.SA,LPS Brasil - Consultoria de Imóveis S.A.,1.69
HHBCR11.SA,Fundo De Investimento Imobiliario Hbc Renda Urbana,144.00
TTPIS3.SA,Triunfo Participações e Investimentos S.A.,5.08
FFLMA11.SA,Unitas DTVM S.A.,157.78
GGRUL11.SA,Icatu Vanguarda Gru Logistico Fundo De Investimento Imobiliario Responsabilidade Limitada,8.76
BBTRA11.SA,Fundo De Investimento Imobiliario Btg Pactual Terras Agricolas,63.97
BBLOG11.SA,FII BLOG    CI,8.62
AAROA11.SA,FII AROA    CI  ER,1.06
EENJU3.SA,Enjoei S.A.,1.03
RRDLI11.SA,FII RDLI    CI,124.99
FFHER3.SA,Fertilizantes Heringer S.A.,3.81
FFVPQ11.SA,FVPQ - Fii V Parque,72.68
HHSAF11.SA,Hsi Ativos Financeiros Fundos Investimentos Imoliarios,80.07
AAERI3.SA,Aeris Indústria e Comércio de Equipamentos para Geração de Energia S.A.,3.28
CCJCT11.SA,Cidade Jardim Continental Tower Fundo De Investimento Imobiliario,64.00
GGAME11.SA,Fundo De Investimento Imobiliario Guardian Multiestrategia Imobiliaria I,9.22
VVXXV11.SA,VX XVI - Fundo De Investimento Imobiliario,722.00
BBGRB11.SA,FII BGRB    CI  ER,100.14
TTJKB11.SA,Tjk Renda Imobiliaria Fundo De Investimento Imobiliario,253.00
AAVLL3.SA,Alphaville S.A.,0.97
BBALM4.SA,Baumer S.A.,18.99
LLUXM4.SA,Trevisa Investimentos S.A.,4.50
GG2DI33.SA,"G2D Investments, Ltd.",1.62
MMCEM11.SA,FII MCEM    CI  ER,64.01
SSPXS11.SA,Fundo De Investimento Imobiliario - Spx Syn Multiestrategia,9.15
HHAAA11.SA,Hedge Aaa Fundo De Investimento Imobiliario,53.14
BBLUE11.SA,FII BLUE    CI,210.00
JJSCR11.SA,FII JSCR    CI  ER,8.25
BBMKS3.SA,Bicicletas Monark S.A.,389.96
SSNEL11.SA,Fundo De Investimento Imobiliario Suno Energias Limpas,8.79
WWDCN3.SA,WDC NETWORKSON      NM,2.72
TTOKY3.SA,GRUPO TOKY  ON      NM,0.78
AAZEV3.SA,Azevedo & Travassos S.A.,0.28
AARND3.SA,Arandu Investimentos S.A.,1.15
VVIUR11.SA,Vinci Imoveis Urbanos Fundo De Investimento Imobiliario,6.01
CCXAG11.SA,Fundo De Investimento Imobiliario Caixa Agencias,76.84
FFLRP11.SA,Fundo de Investimento Imobiliário - FII Floripa Shopping,22.25
BBBRC11.SA,BB Renda Corporativa Fundo de Investimento Imobiliário - FII,100.69
GGLPF11.SA,Galapagos Feeder Logistico Fundo De Investimento ImobiliãRio Responsabilidade Limitada,106.36
FFPAB11.SA,Fundo de Investimento Imobiliário Projeto Água Branca,210.99
VVSHO11.SA,FII Votorantim shopping,75.16
AALZC11.SA,Alianza Crédito Imobiliário Fundo De Investimento Imobiliário,7.80
TTRAD3.SA,TC S.A.,3.90
MMNDL3.SA,Mundial S.A. - Produtos de Consumo,15.50
BBLCA11.SA,Bluemacaw Catuai Triple A Fundo De Investimento Imobiliario,92.80
VVVCO11.SA,XTED - TRX Edificios Corporativos Fundo Invest Imobiliario FII Fund,14.95
BBLMG11.SA,Bluemacaw Logastica Fundo De Investimento ImobiliaRio,34.59
CCXCI11.SA,Fundo De Investimento Imobiliario Caixa Carteira Imobiliaria,71.49
DDAMT11.SA,Diamante Fundo Investimento Imobiliario,8.24
PPATC11.SA,Patria Edificios Corporativos Fundo Investimento Imobiliario Fii,41.97
RRBHY11.SA,Rio Bravo Credito Imobiliario High Yield Fundo De Investimento Imobiliario - FII,76.76
AAZEV4.SA,Azevedo & Travassos S.A.,0.24
CCYCR11.SA,Cyrela Credito - Fundo De Investimento Imobiliario,8.76
FFIIP11.SA,FII RB CAP ICI  ER,153.74
AAZTE3.SA,Azevedo & Travassos Energia S.A.,0.42
RRPMG3.SA,Refinaria de Petróleos de Manguinhos S.A.,2.09
KKIVO11.SA,Kilima Volkano Recebiveis Imobiliarios Fundo De Investimento Imobiliario,63.55
RRBIR11.SA,Rb Capital Desenvolvimento Residencial IV Fundo De Investimento Imobiliario - FII,92.36
RRBHG11.SA,Rio Bravo Credito Imobiliario IV Fundo De Investimento Imobiliario - FII,64.87
AAZPL11.SA,FII AZPL    CI  ER,7.68
SSAPI11.SA,Santander Títulos Imobiliarios Fundo De Investimento Imobiliario,8.95
RRNGO11.SA,Fundo de Investimento Imobiliário Rio Negro,51.21
AARRI11.SA,Fundo De Investimento Imobiliario Atrio Reit Recebiveis Imobiliarios,6.58
GGSRF11.SA,GALAPAGOS SP SURF FUNDO DE INVESTIMENTO IMOBILIÁRIO RESPONSABILIDADE LIMITADA,104.08
VVCRR11.SA,Vectis Renda Residencial Fundo De Investimento Imobiliario,67.31
LLPLP11.SA,FII LAGO PDRCI,229.88
FFYTO11.SA,Fii Nch Brasil Recebiveis Imobiliarios Para Fii Fyto Recebiveis Imob,8.70
VVCRI11.SA,Vinci Credit Securities Fundo De Investimento Imobiliario,7.43
FFIGS11.SA,Fundo de Investimento Imobiliário General Shopping Ativo e Renda - FII,46.20
IIFCM3.SA,Infracommerce CXaaS S.A.,1.10
SSTYI11.SA,Strivo Yield Fundo De Investimento Imobiliario Responsabilidade Limitada,"1,539.00"
IIRIM11.SA,Iridium Fundo De Investimento Imobiliario,67.98
RRSPD11.SA,RB Capital Desenvolvimento Residencial III Fundo De Investimento Imobillario - FII,850.00
FFAMB11.SA,Fundo de Investimento Imobiliario Edificio Almirante Barroso,"1,031.00"
HHGBL11.SA,FII HGBL    CI  ER,9.34
SSHOP11.SA,Multi Shoppings Fundo Investimento Imobiliario Fii,55.00
EEURO11.SA,Coinvalores Dtvm Ltda.,321.00
RRELG11.SA,Fundo De Investimento Imobiliario Rec Logistaca,66.10
PPMIS11.SA,Paramis Hedge Fund Fundo De Investimento Imobiliario - Fii,8.29
ZZAVI11.SA,Zavit Real Estate Fund Fundo De Investimento Imobiliario,10.17
VVPPR11.SA,Xp Properties Fundo De Investimento Imobiliario,16.15
BBIED3.SA,Bahema Educação S.A.,4.40
BBMIN4.SA,Banco Mercantil de Investimentos S.A.,18.41
HHUCG11.SA,Fundo De Investimento Imobiliario Hospital Unimed Campina Grande,100.00
CCALI3.SA,Construtora Adolpho Lindenberg S.A.,16.05
HHOFC11.SA,Hedge Office Income Fundo De Investimento Imobiliario,29.66
HHOOT4.SA,Hotéis Othon S.A.,6.10
MMAGM11.SA,FII MAGM    CI,10.00
CCEDO4.SA,Companhia de Fiação e Tecidos Cedro e Cachoeira S.A.,10.03
PPDTC3.SA,Padtec Holding S.A.,1.38
BBRIP11.SA,Brio Real Estate III - Fundo De Investimento Imobiliario,501.94
RRMAI11.SA,Domo Fundo de Investimento Imobiliário - FII,44.20
BBMLT11.SA,Fundo De Investimentos Imobiliarios De Permuta Financeira Lote5 Mezanino Rl,106.50
FFAED11.SA,Fundo de Investimento Imobiliário - FII Anhanguera Educacional,153.62
KKEVE11.SA,Even II Kinea Fundo De Investimento Imobiliario,719.98
GGLCR11.SA,FII GLCR    CI,101.07
AATSA11.SA,Cshg Atrium Shopping Santo Andr Fundo De Investimento Imobilirio Fii,57.65
BBMLC11.SA,Fundo de Investimento Imobiliário Rio Bravo Renda Corporativa,100.00
JJFLL11.SA,JFL Living Fundo De Investimento Imobiliario,65.82
HHCHG11.SA,Hectare Recebiveis High Grade Fundo De Investimento Imobiliario  Fii,80.20
GGCRI11.SA,Galapagos Recebiveis Imobiliarios Fundo De Investimento Imobiliario,65.26
WWTSP11.SA,Fundo De Investimento Imobiliario Ourinvest Re I,52.00
TTCSA3.SA,Tecnisa S.A.,1.25
EEQIR11.SA,Eqi Recebiveis Imobiliarios Fundo De Investimento Imobiliario,8.29
UUCAS3.SA,Unicasa Indústria de Móveis S.A.,1.36
ZZAGH11.SA,Zagros Multiestrategia Fundo De Investimento Imobiliario,10.10
BBLMO11.SA,Bluemacaw Office Fund Ii - Fundo De Investimento Imobiliario,90.00
SSEQR11.SA,Sequoia III Renda Imobiliaria - Fundo De Investimento Imobiliaria,53.24
FFICT3.SA,Fictor Alimentos S.A.,2.01
EEGDB11.SA,FII EGDB    CI,"1,188.66"
TTMPS11.SA,Itau Tempus Fundo De Investimento Imobiliario,87.70
IINRD11.SA,Inter Residence Fundo DE Investimento Imobiliario FII,75.44
SSNSY3.SA,Sansuy S.A.,11.00
PPMAM3.SA,Paranapanema S.A.,0.70
HHUSC11.SA,Fundo Investimento Imobiliario Hospital Unimed Sul Capixaba,98.04
RRCSL3.SA,Recrusul S/A,2.60
CCEOC11.SA,Fundo de Investimento Imobiliário FII CEO Cyrela Fund,45.34
NNEWU11.SA,Renda de Escritorios Fundo de Investimento Imobiliario - Cotas Fundo,105.00
RRBRD11.SA,RB Capital Renda II Fundo de Investimento Imobiliário - FII,40.96
GGFSA3.SA,Gafisa S.A.,4.90
JJPPA11.SA,JPP Capital Recebíveis Imobiliários Fundo de Investimento Imobiliário,81.22
LLRDI11.SA,FII LEBLON  CI,198.00
IINEP3.SA,Inepar S.A. Indústria e Construções,1.45
AAGXY3.SA,AgroGalaxy Participações S.A.,4.31
SSNME11.SA,Suno Multiestrategia Fundo De Investimento Imobiliario,9.69
AALMI11.SA,Fundo De Investimento Imobiliario Torre Almirante,630.02
CCXCE11.SA,Fundo de Investimento Caixa Cedae,40.80
MMAXR11.SA,Fundo De Investimentos Imobiliarios - Max Ret,61.79
AARXD11.SA,Arx Dover Recebiveis Fundo De Investimento Imobiliario,7.68
RRBFY11.SA,Rio Bravo For You Fundo De Investimento ImobiliaRio De Responsabilidade Limitada,71.00
EEXES11.SA,Exes Fundo De Investimento Imobiliario,9.47
SSPTW11.SA,Sp Downtown Fundo de Investimento Imobiliário - FII,37.34
DDVFF11.SA,Fundo De Investimento Imobiliario - Devant Fundo De Fundos Imobiliarios,6.00
VVSLH11.SA,Versalhes Recebiveis Imobiliarios - Fundo De Investimento Imobiliario,2.20
EERPA11.SA,Europa 105 Fundo Investimento Imobiliario,130.99
WWEST3.SA,Westwing Comércio Varejista S.A.,5.80
VVOTS11.SA,Votorantim Securities Master Fundo Investimento Imobiliario Fii,75.26
PPLAS3.SA,Plascar Participações Industriais S.A.,5.00
CCNES11.SA,Fundo De Investimento Imobiliario Bm Cenesp - Fii - Inicio De Negociacao,1.82
IITIT11.SA,Ifi E Inter Fundo De Investimento Imobiliario,68.96
RRBRS11.SA,Rio Bravo Renda Residencial Fundo De Investimentos Imobiliario,35.60
VVVRI11.SA,V2 Renda Imobiliaria Fundo De Investimento Imobiliario - FII,76.74
FFLCR11.SA,Faria Lima Capital Recebiveis Imobiliarios I FII,95.80
EEPAR3.SA,Embpar Participacoes S.A.,4.01
HHCRI11.SA,Fundo de Investimento Imobiliário - FII Hospital da Criança,296.47
DDOTZ3.SA,Dotz S.A.,4.35
GGFDL11.SA,FII GFDL    CI,109.76
WWPLZ11.SA,Fundo Investec IMB Shopping West Plaza Fund,50.00
CCBOP11.SA,Castello Branco Off Park Fund In Im,38.99
OOIBR3.SA,Oi S.A.,0.17
IINEP4.SA,Inepar S.A. Indústria e Construções,1.17
EEDGA11.SA,Fundo de Investimento Imobiliario - FII Edificio Galeria,13.87
EEMET11.SA,Emet Multiestrategia Fundo De Investimento I Mobiliario Responsabilidade Limitada,10.24
BBNFS11.SA,Banrisul N Front Fund Investment IMO FII Fund,72.62
CCRFF11.SA,Caixa Rio Bravo Fundo De Fundos De Investimento Imobiliario II-Cotas,73.02
RRZLC11.SA,FII RZLC    CI,"1,001.87"
HHOSI11.SA,Fundo De Investimento Imobiliario Housi,85.42
IITIP11.SA,Ifi D Inter Fundo De Investimento Imobiliario,65.05
GGLOG11.SA,Genial Logistica Fundo De Investimento Imobiliario,64.05
IIBCR11.SA,Fundo De Investimento Imobiliario De Cri Integral Brei,48.28
AATED3.SA,ATOM EDUC   ON,2.00
RRECD11.SA,FII RECD    CI  ER,8.36
NNAVT11.SA,Navi Imobiliario Total Return Fundos De Investimento Imobiliario,72.71
SSHOW3.SA,T4F Entretenimento S.A.,6.58
AASRF11.SA,Asa Retrofits I Fundo De Investimento Imobiliario,"10,974.00"
RRCRI11.SA,Real Investor Recebiveis Imobiliários Fundo De Investimento Imobiliario Responsabilidade Limitada,102.52
DDAYM11.SA,Daycoval Real Estate Multiestrategia Fundo De Investimento Imobiliario De Resp Ltd.,3.92
LLUPA3.SA,Lupatech S.A.,0.88
CCARE11.SA,Brazilian Graveyard Death Care Services Fundo Investimento Imobiliario - Fii,1.10
AAPTO11.SA,Navi Residencial Fundo De Investimento Imobiliario,8.52
SSNSY5.SA,Sansuy S.A.,2.84
CCPSH11.SA,Capitania Shoppings Fundo De Investimento Imobiliario,10.91
BBIME11.SA,Brio Multiestrategia - Fundo De Investimento Imobiliario,6.28
FFIXX11.SA,Fator IFIX Fundo Investimento Imobiliario - FII - Cotas Fund,97.98
NNCRI11.SA,Navi Credito Imobiliario - Fundo De Investimento Imobiliario,8.98
NNUTR3.SA,Nutriplant Indústria e Comércio S/A,2.65
FFIEI3.SA,Fica Empreendimentos Imobiliarios S.A,14.39
DDAMA11.SA,FII DAMA    CI,7.45
TTRXY11.SA,TRX Hedge Fund Fundo De Investimento Imobiliario - Responsabilidade Limitada,9.20
RRSID3.SA,Rossi Residencial S.A.,1.70
DDTCY3.SA,DTCOM - Direct to Company S.A.,2.95
ZZAVC11.SA,Zavit Credito Imobiliario - Fundo De Investimento Imobiliario,9.14
PPPLA11.SA,PPLA Participations Ltd.,0.76
FFIVN11.SA,Vida Nova Fundo Investimento Immobiliere,3.40
MMGEL4.SA,Mangels Industrial S.A.,5.50
DDPRO11.SA,Devant Properties Fundo De Investimento Imobiliario,6.29
OOCRE11.SA,Octo Fundo De Investimento Imobiliario,74.00
HHGIC11.SA,Hgi Creditos Imobiliarios Fundo De Investimento,66.00
RRECT11.SA,Fundo De Investimento Imobiliario - FII UBS Office,38.77
GGCDL11.SA,FII GCDL    CI,116.68
VVIVR3.SA,Viver Incorporadora e Construtora S.A.,0.60
XXPSF11.SA,XP Selection Fundo De Fundos De Investimento Imobiliario - FII,6.61
SSMRE11.SA,FII SMRE    CI  ER,63.71
EEDFO11.SA,Fundo de Investimento Imobiliário Edifício Ourinvest,120.00
BBRIM11.SA,Brio Real Estate II - Fundo De Investimento Imobiliario - FII,225.00
NNORD3.SA,Nordon Indústrias Metalúrgicas S/A,4.05
AAFHF11.SA,AF Invest Real Estate Multiestrategia Fundo De Investimento Imobiliario Responsabilidade Limitada,10.02
EESTR3.SA,Manufatura de Brinquedos Estrela S.A.,3.01
BBBFO11.SA,BB Fundos De Fundos - Fundo De Investimento Imobiliario,64.41
CCTAX3.SA,Contax Participações S.A.,0.94
SSEQL3.SA,Sequoia Logística e Transportes S.A.,2.16
CCTXT11.SA,Fundo Invest Imobiliario Centro Textil Internacional - Cotas Fund,6.25
HHCST11.SA,Hectare Student Housing I - Fundo De Investimento Em Participacoes Multiestrategia,45.86
MMGHT11.SA,Fundo De Investimento Imobiliario Mogno Hoteis,17.70
RRBVA11.SA,Fundo Invest Imobiliario Agencias Caixa - FII Fund,9.92
PPEMA11.SA,Performa Real Estate Fundo De Investimento Imobiliario,41.25
RRBTS11.SA,Rb Capital Tfo Situs Fundo Investimento Imobiliario Fii,399.99
TTELM11.SA,Tellus Multiestrategia Fundo De Investimento Imobiliario,10.05
RRBOP11.SA,Fundo De Investimento Imobiliário Mercantil Do Brasil-fii -Inicio,212.00
RRVEE3.SA,REVEE       ON      NM,2.05
SSPG211.SA,Spgm Ii - Fundo De Investimento Imobiliario Responsabilidade Limitada,11.20
FFMOF11.SA,Fundos de Investimento Imobiliário Memorial Office Of Cotas,39.65
XXPCM11.SA,XP Corporate Macaé Fundo de Investimento Imobiliário - FII,8.19
HHAGA3.SA,HAGA S/A Indústria e Comércio,1.64
CCTSA3.SA,Companhia Tecidos Santanense Ltda.,2.69
CCXTL11.SA,Fundo De Investimento Imobiliário Caixa Trx Logística Renda,332.37
CCTSA4.SA,Companhia Tecidos Santanense Ltda.,2.02
PPATA11.SA,Patagonia Capital Multiestrategia Fundo De Investimento Imobiliario,10.34
HHAGA4.SA,HAGA S/A Indústria e Comércio,1.16
JJFEN3.SA,João Fortes Engenharia S.A.,1.03
BBDLL3.SA,Bardella S.A. Indústrias Mecânicas,7.70
EEDGE11.SA,FII EDGE    CI  ER,"1,071.80"
BBDLL4.SA,Bardella S.A. Indústrias Mecânicas,6.20
BBSLT11.SA,Fundo De Investimentos Imobiliarios De Permuta Financeira Lote5 Senior Responsabilidade Limitada,85.04
SSCPF11.SA,Scp Fundo De Investimento NPV,2.68
AAPXR11.SA,FII APXR    CI,100.00
PPLRI11.SA,Polo Fundo de Investimento Imobiliario – FII Recebiveis Imobiliarios IMO - Cotas Fund,11.38
CCXRI11.SA,CXFI - Caixa Rio Bravo Fundo Fundos,64.21
OONDV11.SA,Onda Desenvolvimento Imobiliario Fundo De Investimento Imobiliario,9.77
AAPXU11.SA,FII APXU    CI,95.00
PPABY11.SA,Fundo de Investimento Imobiliário Panamby,11.57
UURHF11.SA,Urca Hedge Fund Estrategia Imobiliaria Fundo De Investimento Imobiliario – Responsabilidade Ltd.,72.79
GGSHP3.SA,General Shopping e Outlets do Brasil S.A.,4.20
NNEXP3.SA,Nexpe Participações S.A.,2.89
RRENV11.SA,Cpv Energia Fundo De Investimento Imobiliario Responsabilidade Limitada,7.20
CCIXF11.SA,FII CIXF    CI,114.52
PPRSV11.SA,Fundo de Investimento Imobiliário Presidente Vargas,32.13
TTXRX4.SA,Têxtil Renauxview S.A.,1.57
KKNRE11.SA,Kinea II Real Estate Equity Fundo de Investimento Imobiliário,0.33
OOSXB3.SA,OSX Brasil S.A.,1.85
SSJAU11.SA,Sj Au Logistica Fundo De Investimento Imobiliario,0.68
HHRDF11.SA,Hedge Realty Development Fundo Investimento Imobiliario FII,3.41
PPDGR3.SA,PDG Realty S.A. Empreendimentos e Participações,1.40
SSNLG11.SA,Mogno Logistica Fundo De Investimento Imobiliario,1.45
PPRSN11.SA,Personale I Fundo Invest Imobiliario,9.00
EEGYR11.SA,Energy Resort Fundo De Investimento Imobiliario,2.87
CCCTY3.SA,RDVC CITY   ON      NM,12.00
RRCFA11.SA,Grupo Rcfa Fundo De Investimento,0.91
RRBDS11.SA,RB Capital Development Residential Real Estate Investment Fund II,1.99
PPETZ3.SA,Pet Center Comércio e Participações S.A.,0.00
AA1PL34.SA,APPLIED DGTLDRN,159.89
AA1PO34.SA,APOLLO GLOBLDRN,52.24
AA1PP34.SA,APPLOVIN CO DRN,108.14
AA2LC34.SA,Alcon Inc.,43.96
AA2MB34.SA,"Ambarella, Inc.",15.22
AA2RR34.SA,"Arrowhead Pharmaceuticals, Inc.",44.25
AA2SO34.SA,"Academy Sports and Outdoors, Inc.",74.29
AA2XO34.SA,"Axon Enterprise, Inc.",185.98
AAADA39.SA,21SH CARDANODRE,36.00
AAAGR11.SA,FIAGRO AAGR CI,118.00
AAALR1.SA,"ALLIAR      DO    5,60",0.03
AAALR1F.SA,"ALLIAR      DO    5,60",0.02
AAALR3F.SA,ALLIAR      ON  ES  NM,4.67
AAAZQ11.SA,Az Quest Sole Fundo De Investimento Nas Cadeias Produtivas Do Agronegocio - Fiagro - Imobiliario,8.19
AABCB2.SA,"ABC BRASIL  DP   19,69",4.37
AABCB2F.SA,"ABC BRASIL  DP   19,69",4.31
AABCB4F.SA,ABC BRASIL  PN  EJS N2,23.92
AABEV3F.SA,AMBEV S/A   ON  EDJ,13.67
AABGD39.SA,ABDEN GOLD  DRE,114.56
AACWI11.SA,Trend Etf Msci Acwi Fundo De Indice,16.34
AACWX39.SA,BlackRock Institutional Trust Co NA,60.91
AADMF3F.SA,CIABRASF    ON      NM,11.33
AAERI3F.SA,AERIS       ON      NM,3.27
AAFLT3F.SA,AFLUENTE T  ON  EJ,7.38
AAGRI11.SA,Bb Etf Iagro Ffs B3 Fundo De Indice,43.60
AAGRO3F.SA,BRASILAGRO  ON      NM,19.61
AAGRX11.SA,Fiagro Agrx,8.86
AAGXY3F.SA,AGROGALAXY  ON      NM,4.17
AAHEB3F.SA,SPTURIS     ON,21.62
AAHEB5F.SA,SPTURIS     PNA,46.40
AALLD3F.SA,ALLIED      ON      NM,8.50
AALOS3F.SA,ALLOS       ON  ED  NM,28.71
AALPA3F.SA,ALPARGATAS  ON      N1,10.48
AALPA4F.SA,ALPARGATAS  PN      N1,12.26
AALPK3F.SA,ESTAPAR     ON      NM,4.63
AALUG11.SA,Investo Msci US Real Estate ETF Fundo De Investimento De Indice Investimento Exterior,40.60
AALUP11F.SA,ALUPAR      UNT ED  N2,31.69
AALUP3F.SA,ALUPAR      ON  ED  N2,11.90
AALUP4F.SA,ALUPAR      PN  ED  N2,10.03
AAMAR3F.SA,LOJAS MARISAON      NM,1.01
AAMBP3F.SA,AMBIPAR     ON      NM,0.33
AAMER3F.SA,AMERICANAS  ON      NM,4.96
AAMOB3F.SA,AUTOMOB     ON      NM,13.57
AANGV39.SA,VANECK ANGL DRE ED,53.40
AANIM3F.SA,ANIMA       ON      NM,3.98
AAREA11.SA,Btg Pactual Teva Itbr Ipca Rendimento Fundo De Índice,102.24
AARGE11.SA,Investo Argentina Fundo De Índice,12.85
AARGT39.SA,GX ARGENTINADRE ED,49.61
AARML3F.SA,ARMAC       ON      NM,4.69
AARND3F.SA,ARANDU      ON      NM,0.89
AASAI3F.SA,ASSAI       ON      NM,7.34
AATED3F.SA,ATOM EDUC   ON,2.00
AAUAU3.SA,Unipar Carbocloro S.A.,3.75
AAUAU3F.SA,--,3.77
AAUPO11.SA,Btg Pactual Teva Auvp Itbr Liquidez Fundo De Indice,100.85
AAURE3F.SA,AUREN       ON      NM,11.59
AAURO11.SA,Buena Vista Neos Gold High Income I - Cotas ETF Fund,114.32
AAUVP11.SA,Btg Pactual Teva Auvp Acoes Fundamentos Fundo De Indice,114.52
AAVLL3F.SA,ALPHAVILLE  ON      NM,0.98
AAXIA3F.SA,AXIA ENERGIAON  EB  N1,50.02
AAXIA3Q.SA,AXIA ENERGIAON  EB  N1,50.26
AAXIA5F.SA,AXIA ENERGIAPNA EX  N1,65.34
AAXIA6F.SA,AXIA ENERGIAPNB EX  N1,52.27
AAXIA7.SA,AXIA Energia SA,48.10
AAXIA7F.SA,AXIA ENERGIAPNC     N1,48.10
AAZEV3F.SA,AZEVEDO     ON,0.30
AAZEV4F.SA,AZEVEDO     PN,0.24
AAZIN11.SA,Az Quest Infra-Yield Ii Fundo De Investimento Em Participacoes Em Infraestrutura,101.80
AAZTE3F.SA,AZT ENERGIA ON,0.43
AAZUL54F.SA,AZUL        PN (P   N2,292.00
AAZZA3F.SA,AZZAS 2154  ON  ED  NM,24.69
BB2AH34.SA,BOOZALLEN HHDRN,48.24
BB2AP34.SA,Credicorp Ltd.,132.08
BB2RK34.SA,Bruker Corporation,28.16
BB2UR34.SA,"Burlington Stores, Inc.",56.26
BB3BR11.SA,IT NOW B3BR+CI,60.09
BB3SA3F.SA,B3          ON  EJ  NM,14.24
BB5MB11.SA,ETF Bradesco Ima-B5 Plus Fundo De Indice,124.85
BB5P211.SA,It Now Ima-B5 P2 Fundo De Indice,101.86
BBAAX39.SA,Ishares Msci All Country Asia Ex Japan ETF,52.52
BBACW39.SA,Ishares Msci Acwi ETF,77.97
BBAER39.SA,Ishares Us Aerospace & Defense ETF,61.28
BBAGG39.SA,BKR US AGGREDRE ED,54.10
BBAIQ39.SA,GX AI TECH  DRE EDB,47.39
BBALM3F.SA,BAUMER      ON  ED,28.00
BBALM4F.SA,BAUMER      PN  ED,18.66
BBAOA39.SA,BKR AGR ALOCDRE ED,81.76
BBAOR39.SA,BKR BAL ALOCDRE ED,71.26
BBARY39.SA,BKR FUT AIT DRE,136.71
BBASK39.SA,21SH BASKET DRE,50.00
BBAUH4F.SA,EXCELSIOR   PN,90.50
BBAZA3F.SA,AMAZONIA    ON,77.32
BBBAS3F.SA,BRASIL      ON      NM,21.72
BBBDC3F.SA,BRADESCO    ON  EJ  N1,15.98
BBBDC4F.SA,BRADESCO    PN  EJ  N1,18.83
BBBER39.SA,JP BTB EUROPDRE ED,80.40
BBBGO11.SA,Bb Fundo De Investimento De Credito Fiagro-Imobiliario,70.37
BBBOI11.SA,Bb Etf Indice Futuro De Boi Gordo B3 Fundo De Indice,9.91
BBBOV11.SA,Bb Etf Ibovespa Fundo De Indice,84.94
BBBSD11.SA,BB ETF S&P Dividendos Brasil Fundo de Indice,128.83
BBBSE3F.SA,BBSEGURIDADEON      NM,35.52
BBBUG39.SA,Global X Funds,55.87
BBCHI39.SA,Ishares Msci China Etf,41.75
BBCIC11.SA,B-Index Morningstar Setores Ciclicos Brasil Fundo De Indice,133.15
BBCNY39.SA,BlackRock Institutional Trust Company NA,63.60
BBCOM39.SA,BKR COMT ROLDRE,44.75
BBCPX39.SA,Global X Funds,41.04
BBCWV39.SA,"iShares, Inc. - iShares MSCI Global Min Vol Factor ETF",64.00
BBDAP11.SA,Bb Etf Indice Dap5 B3 Fundo De Indice,12.06
BBDEF11.SA,B-Index Morningstar Setores Defensivos Brasil Fundo De Indice,158.45
BBDIF11.SA,Btg Pactual Divida Infra FICF Incentivados De Investimento Em Infraestrutura Renda Fixa Credito Priv,73.65
BBDIV11.SA,Btg Pactual Infraestrutura Dividendos Fundo De Investimento Em Participacoes Em Infraestrutura,41.20
BBDLL3F.SA,BARDELLA    ON,7.77
BBDLL4F.SA,BARDELLA    PN,6.79
BBDOM11.SA,Investo Marketvector Brazil Domestic Exposure Etf - Fundo De Investimento De Indice,132.93
BBDRI39.SA,Global X Funds,55.14
BBDVD39.SA,Global X Funds,47.00
BBDVY39.SA,Ishares Select Dividend Etf,77.12
BBECH39.SA,BKR CHILE   DRE ED,76.35
BBEEF3F.SA,MINERVA     ON      NM,5.15
BBEEM39.SA,Ishares Msci Emerging Markets ETF,51.43
BBEES3F.SA,BANESTES    ON  EDJ,8.19
BBEES4F.SA,BANESTES    PN  EDJ,8.24
BBEFA39.SA,Ishares Msci Eafe ETF,66.05
BBEFG39.SA,iShares Trust - iShares MSCI EAFE Growth ETF,63.48
BBEFV39.SA,iShares Trust - iShares MSCI EAFE Value ETF,64.52
BBEGU39.SA,Ishares Trust Ishares Esg Aware Msci Usa ETF,81.32
BBEIS39.SA,MSCI ISRAEL DRE,63.32
BBEMC39.SA,BKR EME XCHIDRE,86.17
BBEMV39.SA,"iShares, Inc. - iShares MSCI Emerging Markets Min Vol Factor ETF",58.86
BBEPP39.SA,BKR MSCI JPNDRE,69.85
BBEST11.SA,Investo Brazil Besst Quality Fundo De Indice,112.15
BBEUW39.SA,BKR EQUALWG DRE,70.83
BBEWA39.SA,"iShares, Inc. - iShares MSCI Australia ETF",47.45
BBEWC39.SA,"iShares, Inc. - iShares MSCI Canada ETF",73.36
BBEWD39.SA,MSCI SWEDEN DRE,55.85
BBEWG39.SA,Ishares Msci Germany ETF,77.93
BBEWH39.SA,Ishares Msci Hong Kong Etf,39.56
BBEWI39.SA,MSCI ITALY  DRE,60.80
BBEWJ39.SA,Ishares Msci Japan Etf,55.92
BBEWL39.SA,"iShares, Inc. - iShares MSCI Switzerland ETF",65.48
BBEWP39.SA,LKR/SGD,97.60
BBEWQ39.SA,"iShares, Inc. - iShares MSCI France ETF",61.38
BBEWS39.SA,BlackRock Institutional Trust Co NA,52.30
BBEWT39.SA,Ishares Msci Taiwan ETF,59.15
BBEWU39.SA,Ishares Msci United Kingdom Etf,80.30
BBEWW39.SA,Ishares Msci Mexico ETF,94.68
BBEWY39.SA,Ishares Msci South Korea Etf,72.55
BBEWZ39.SA,Ishares Msci Brazil ETF,58.99
BBEZA39.SA,MSCI SAFRICADRE,65.84
BBEZU39.SA,Ishares Msci Eurozone ETF,88.82
BBFAV39.SA,iShares Trust - iShares MSCI EAFE Min Vol Factor ETF,58.86
BBFIW39.SA,--,60.12
BBFNX39.SA,Global X Funds,32.92
BBFXI39.SA,iShares Trust - iShares China Large-Cap ETF,42.40
BBGIP3F.SA,BANESE      ON,42.79
BBGIP4F.SA,BANESE      PN,34.39
BBGNO39.SA,GX GENOMBIOTDRE EDB,42.83
BBGOV39.SA,BKR US TREASDRE ED,41.40
BBGRT39.SA,iShares Trust - iShares Global REIT ETF,45.49
BBGWH39.SA,iShares Trust - iShares Core Dividend Growth ETF,76.23
BBHDV39.SA,BlackRock Institutional Trust Company NA,65.52
BBHER39.SA,Global X Funds,40.60
BBHIA3F.SA,CASAS BAHIA ON      NM,3.02
BBHYC39.SA,BKR 0 5 YRHYDRE ED,58.12
BBHYG39.SA,iShares Trust - iShares iBoxx $ High Yield Corporate Bond ETF,54.65
BBIAG39.SA,BKR INTLAGGTDRE ED,54.28
BBIAK39.SA,US INSURANCEDRE,49.20
BBIAU39.SA,Ishares Gold Trust,113.27
BBIBB39.SA,Ishares Nasdaq Biotechnology Etf,64.50
BBICL39.SA,iShares Trust - iShares Global Clean Energy ETF,45.78
BBIDB11.SA,Inter Infra FI Cotas Fundos Incentivados De Investimento Infraestrutura Renda Fixa Credito Privado,79.95
BBIDN39.SA,iShares Trust,71.05
BBIED3F.SA,BIOMA EDUC  ON      MA,4.38
BBIEF39.SA,Ishares Core Msci Eafe ETF,61.83
BBIEI39.SA,BKR 3 7 YRTRDRE ED,53.79
BBIEM39.SA,Ishares Core Msci Emerging Markets ETF,62.76
BBIEO39.SA,BKR OIL GAS DRE,48.25
BBIET39.SA,BKR TECHSOFTDRE,20.66
BBIEU39.SA,Ishares Core Msci Europe ETF,64.97
BBIEV39.SA,iShares Trust - iShares Europe ETF,75.70
BBIGF39.SA,Ishares Global Infrastructure Etf,82.80
BBIGS39.SA,BKR 1 5YGRCODRE ED,57.04
BBIHA39.SA,iShares Trust,89.10
BBIHE39.SA,BKR PHARMACLDRE,25.53
BBIHF39.SA,BKR HEALTHPRDRE,9.41
BBIHI39.SA,iShares Trust - iShares U.S. Medical Devices ETF,9.52
BBIJH39.SA,Ishares Core S&P Mid-Cap Etf,18.15
BBIJR39.SA,Ishares Core S&P Small-Cap Etf,83.17
BBILF39.SA,Ishares Latin America 40 ETF,56.88
BBINC11.SA,Brad Fic Firf Invest Infra Cdi Cp Resp Ltda,102.72
BBIOM3F.SA,BIOMM       ON      MA,7.45
BBITB39.SA,BlackRock Institutional Trust Company NA,89.28
BBITC11.SA,Btg Pactual Teva Bitcoin Fundo De Indice,80.00
BBITH11.SA,Hashdex Nasdaq Bitcoin Reference Rate Fundo De Indice,111.10
BBITI11.SA,It Now Bloomberg Galaxy Bitcoin Fundo De Indice,133.70
BBITO39.SA,Ishares Core S&P Total Us Stock Market Etf,81.36
BBIVB39.SA,Ishares Core S&P 500 Etf,93.60
BBIVE39.SA,iShares Trust - iShares S&P 500 Value ETF,77.22
BBIVW39.SA,iShares Trust - iShares S&P 500 Growth ETF,83.49
BBIWF39.SA,iShares Trust - iShares Russell 1000 Growth ETF,103.27
BBIWM39.SA,Ishares Russell 2000 Etf,68.90
BBIXC39.SA,BlackRock Institutional Trust Company NA,58.72
BBIXJ39.SA,Ishares Global Healthcare Etf,67.69
BBIXN39.SA,Ishares Global Tech ETF,19.37
BBIXU39.SA,BKR TI STOCKDRE,78.03
BBIYC39.SA,BlackRock Institutional Trust Company NA,113.22
BBIYE39.SA,iShares Trust - iShares U.S. Energy ETF,86.28
BBIYF39.SA,Ishares Us Financials Etf,47.11
BBIYG39.SA,iShares Trust - iShares U.S. Financial Services ETF,25.08
BBIYK39.SA,BlackRock Institutional Trust Company NA,20.18
BBIYT39.SA,BKR 7 10 YRTDRE ED,51.90
BBIYW39.SA,Ishares US Technology ETF,31.37
BBIZD11.SA,Investo Mvis®Us Business Development Companies Index ETF Fundo De Indice,85.68
BBKCH39.SA,Global X Funds,33.15
BBKSA39.SA,BlackRock Institutional Trust Company NA,49.29
BBKWB39.SA,KR CSI CHINADRE ED,196.05
BBLAU3F.SA,BLAU        ON  ED  NM,10.54
BBLBT39.SA,Global X Funds,46.52
BBLFT11.SA,BL03 Fundo Invest Financeiro,103.12
BBLPA39.SA,Global X Funds,32.91
BBLPX39.SA,Global X Funds,40.08
BBLQD39.SA,iShares Trust - iShares iBoxx $ Investment Grade Corporate Bond ETF,59.53
BBMEB1.SA,"MERCANTIL   DO   26,38",24.88
BBMEB1F.SA,"MERCANTIL   DO   26,38",24.90
BBMEB3F.SA,MERCANTIL   ON  EDS N1,51.75
BBMEB4F.SA,MERCANTIL   PN  EDS N1,59.30
BBMGB4F.SA,BANCO BMG   PN  EJ  N1,5.09
BBMIL39.SA,GX MILLECONMDRE ED,63.76
BBMIN3F.SA,MERC INVEST ON,23.89
BBMIN4F.SA,MERC INVEST PN,19.35
BBMMT11.SA,B - Index Morningstar Brasil Momento Fundo,149.51
BBMOB3F.SA,BEMOBI TECH ON      NM,22.24
BBMTU39.SA,iShares Trust - iShares MSCI USA Momentum Factor ETF,69.28
BBNBR3F.SA,NORD BRASIL ON,119.65
BBNDA39.SA,Ishares Msci India Etf,73.03
BBNDX11.SA,Investo Bloomberg Global Bond ETF Fundo De Investimento De Indice - Investimento No Exterior,104.03
BBOBR4F.SA,BOMBRIL     PN,1.22
BBODB11.SA,Bocaina Infra- Fundo de Investimento em Cotas de Fundos Incentivados de Investimento em,7.85
BBOEF39.SA,iShares Trust - iShares S&P 100 ETF,92.58
BBOL511.SA,B-Index ETF Ima-B 5 P2 Fundo de Indice - Responsabilidade Limitada,102.93
BBOTZ39.SA,Global X Funds,51.50
BBOVA11.SA,iShares Ibovespa Index Fund,159.02
BBOVB11.SA,ETF Bradesco Ibovespa Fundo De Indice,165.49
BBOVS11.SA,Safra Ibovespa Fundo De Indice,125.22
BBOVV11.SA,It Now Ibovespa Fundo de Indice,166.76
BBOVX11.SA,Trend ETF Ibovespa Fundo De Indice,16.56
BBPAC11F.SA,BTGP BANCO  UNT EJ  N2,53.13
BBPAC3F.SA,BTGP BANCO  ON  EJ  N2,38.49
BBPAC5F.SA,BTGP BANCO  PNA EJ  N2,10.89
BBPAN4F.SA,BANCO PAN   PN      N1,11.46
BBPFR39.SA,GX USPREFERRDRE ED,51.81
BBPFV39.SA,--,61.00
BBPIC39.SA,BlackRock Institutional Trust Company NA,73.51
BBPRE11.SA,"B-Index ETF Irf-M P2 Fundo de Índice - Responsabilidade, LTDA",103.48
BBPVE39.SA,Global X Funds,44.80
BBQCL39.SA,FT NSQ GREENDRE,32.16
BBQQW39.SA,FT NASD100EQDRE,77.41
BBQUA39.SA,iShares Trust - iShares MSCI USA Quality Factor ETF,72.64
BBQYL39.SA,Global X Funds,32.01
BBRAP3F.SA,BRADESPAR   ON  EDJ N1,18.67
BBRAP4F.SA,BRADESPAR   PN  EDJ N1,21.28
BBRAV3F.SA,BRAVA       ON      NM,15.86
BBRAX11.SA,iShares IBrX-Índice Brasil (IBrX-100) Index Fund,135.83
BBRAZ11.SA,Bb Etf Ibovespa B3 Br+ Fundo De Indice Responsabilidade Limitada,12.03
BBRBI11.SA,BRBI BR Partners S.A.,19.74
BBRBI11F.SA,BR PARTNERS UNT     N2,19.74
BBRCO11.SA,Bresco - Fundo De Investimento Imobiliario,117.66
BBREW11.SA,B-Index Morningstar Brasil Pesos Iguais Fundo De Indice,140.62
BBREZ39.SA,BlackRock Institutional Trust Company NA,57.39
BBRFT11.SA,Bradesco Farmtech Fundo De Investimento Nas Cadeias Produtivas Agroindustriais Fiagro - Dc,84.51
BBRKM3F.SA,BRASKEM     ON      N1,8.06
BBRKM5F.SA,BRASKEM     PNA     N1,7.71
BBRKM6F.SA,BRASKEM     PNB     N1,7.99
BBRSR3F.SA,BANRISUL    ON  EJ  N1,17.50
BBRSR5F.SA,BANRISUL    PNA EJ  N1,15.81
BBRSR6F.SA,BANRISUL    PNB EJ  N1,16.19
BBRST3F.SA,BRISANET    ON  EJ  NM,3.39
BBRXC11.SA,BTGIABRSELECCI,134.41
BBRZP11.SA,Brz Infra Portos Fundo De Investimento Em Participacoes Em Infraestrutura,170.34
BBSDV39.SA,Global X Funds,65.68
BBSHV39.SA,BKR 0 1 SHV DRE ED,59.40
BBSHY39.SA,BKR 1 3 YRTRDRE ED,56.16
BBSIL39.SA,Global X Funds,47.13
BBSLI3F.SA,BRB BANCO   ON,6.98
BBSLI4F.SA,BRB BANCO   PN,7.26
BBSLV39.SA,Ishares Silver Trust,127.67
BBSOC39.SA,Global X Funds,39.00
BBSOX39.SA,iShares Trust - iShares Semiconductor ETF,43.70
BBSRE39.SA,GX SUDIVREITDRE EDB,39.92
BBSTI39.SA,BKR STIP    DRE ED,55.38
BBTAG11.SA,Btg Pactual Credito Agrocola Fundo De Investimento Em Cotas Fiagro Direitos Creditorios,113.00
BBTFL39.SA,BKR FLOT RTEDRE ED,54.52
BBTHD39.SA,MSCITHAILANDDRE,55.28
BBTHI11.SA,Btg Pactual Hoteis Fundo De Investimento Imobiliario,44.50
BBTIP39.SA,BlackRock Institutional Trust Co NA,59.40
BBTLT39.SA,BKR 20YR TRSDRE ED,31.55
BBULZ11.SA,GENIAL HBETACI,100.11
BBURA39.SA,Global X Funds,44.65
BBURT39.SA,"iShares, Inc. - iShares MSCI World ETF",67.62
BBUSM39.SA,Ishares Msci Usa Min Vol Factor ETF,65.00
BBUSR39.SA,iShares Trust - iShares Core U.S. REIT ETF,51.72
BBVBR11.SA,INVCONSTQBRLCI,20.18
BBVLU39.SA,iShares Trust - iShares MSCI USA Value Factor ETF,77.04
BBXPO11.SA,Investo Marketvector Brazil Global Exposure Etf – Fundo De Investimento De Indice,147.82
BBXTC39.SA,Ishares Exponential Technologies ETF,63.48
CC1CJ34.SA,CAMECO CORP DRN,111.43
CC1RH34.SA,CRH PLC     DRN,111.23
CC2AC34.SA,CACI International Inc,3.89
CC2CA34.SA,"Coca-Cola FEMSA, S.A.B. de C.V.",102.30
CC2GN34.SA,Cognex Corporation,25.23
CC2HP34.SA,"ChargePoint Holdings, Inc.",12.24
CC2OL34.SA,Grupo Cibest S.A.,91.71
CC2RN34.SA,Cerence Inc.,15.72
CC2RS34.SA,CRISPR Therapeutics AG,39.80
CC2RW34.SA,"CrowdStrike Holdings, Inc.",118.04
CCACR11.SA,Supernova Fundo De Investimento Imobiliario - Recebiveis Imobiliarios,77.93
CCAMB3F.SA,CAMBUCI     ON,9.75
CCAML3F.SA,MSCI AUSTRIA SMALL CAP NETR EUR,5.49
CCAPE11.SA,ISHARES BOVESPA BR+ CAP 5% B3 CLASSE DE ÍNDICE - RESPONSABILIDADE LIMITADA,139.06
CCASA11.SA,Buena Vista Neos Real Estate High Income Index Fundo De Indice - Responsabilidade Limitada,91.88
CCASH3F.SA,MELIUZ      ON      NM,4.09
CCBAV3F.SA,CBA         ON      NM,7.95
CCBEE3F.SA,AMPLA ENERG ON  ES,11.00
CCBTC39.SA,21SH BITCOINDRE,39.24
CCCTY3F.SA,RDVC CITY   ON      NM,11.15
CCDII11.SA,Sparta Infra Cdi Fd De Invest Em Cotas De Fd Incentivados De Inv Em Infraestrutura Renda Fixa Cr Pri,107.58
CCEAB3F.SA,CEA MODAS   ON  EJ  NM,10.46
CCEBR3F.SA,CEB         ON,27.61
CCEBR5F.SA,CEB         PNA,26.00
CCEBR6F.SA,CEB         PNB,28.34
CCEDO3F.SA,CEDRO       ON      N1,11.51
CCEDO4F.SA,CEDRO       PN      N1,10.30
CCEEB3F.SA,COELBA      ON  EJ,44.51
CCEEB5F.SA,COELBA      PNA EJ,44.00
CCEED3F.SA,"CEEE,D      ON",8.95
CCEGR3F.SA,CEG         ON,71.99
CCGAS3F.SA,COMGAS      ON,123.03
CCGAS5F.SA,COMGAS      PNA,130.93
CCGRA3F.SA,GRAZZIOTIN  ON  EDB,27.29
CCGRA4F.SA,GRAZZIOTIN  PN  EDB,26.97
CCHIP11.SA,INVESTO ETF US LISTED SEMICONDUCTOR 25 INDEX CLASSE DE ÍNDICE IE RESP LIMITADA,25.60
CCLOB11.SA,Btg Pactual Clo Smart Fundo De ÃNdice Â€“ Responsabilidade Limitada,97.97
CCLOV34.SA,"Clover Health Investments, Corp.",13.42
CCLSC3F.SA,CELESC      ON  EJ  N2,114.05
CCLSC4F.SA,CELESC      PN  EJ  N2,126.02
CCMDB11.SA,Btg Pactual Teva Acoes Commodities Brasil Fundo De Indice,14.67
CCMIG3F.SA,CEMIG       ON  EDJ N1,14.35
CCMIG4F.SA,CEMIG       PN  EDJ N1,11.03
CCMIN3F.SA,CSNMINERACAOON      N2,5.55
CCOCE3F.SA,COELCE      ON,31.81
CCOCE5F.SA,COELCE      PNA,34.99
CCOGN3F.SA,STX TR.EXP.UK 50 NR DL,3.58
CCOIN11.SA,Buena Vista Neos Bitcoin High Income Index Fundo De Indice Responsabilidade Limitada,64.53
CCOLD34.SA,AMERICOLD RTDRN ED,23.78
CCOPN11.SA,Copernico Fundo De Investimento Em Participacoes Em Infraestrutura,43.86
CCORN11.SA,Bb Etf Indice Futuro De Milho B3 Fundo De Indice,7.81
CCPFE3F.SA,CPFL ENERGIAON      NM,52.68
CCPLE3F.SA,COPEL       ON  EDJ NM,12.16
CCPTI11.SA,Capitania Infra Fic Fi Infra Rf Cp,86.04
CCPTR11.SA,Capitania Agro Strategies - Fiagro - Imobiliario Fund,8.27
CCPTS11Q.SA,FII CAPI SECCI,7.82
CCRAA11.SA,Sparta Fiagro Fundo De Investimento Nas Cadeias Produtivas Agroindustriais - Imobiliario,96.41
CCRPG3F.SA,CRISTAL     ON,18.50
CCRPG5F.SA,CRISTAL     PNA,18.63
CCRPG6F.SA,CRISTAL     PNB,18.80
CCRPT11.SA,CRIPTO20 EMPCI,18.01
CCSAN3F.SA,COSAN       ON      NM,5.13
CCSED3F.SA,CRUZEIRO EDUON  ED  NM,6.24
CCSMG3F.SA,COPASA      ON  EJ  NM,42.73
CCSNA3F.SA,SID NACIONALON,9.78
CCSUD3F.SA,CSU DIGITAL ON  EDJ NM,17.65
CCTAX3F.SA,CONTAX      ON,0.92
CCTEM11.SA,FIAGRO CTEM CI,3.00
CCTKA3F.SA,KARSTEN     ON,33.00
CCTKA4F.SA,KARSTEN     PN,34.24
CCTSA3F.SA,SANTANENSE  ON,2.37
CCTSA4F.SA,SANTANENSE  PN,2.06
CCURY3F.SA,CURY S/A    ON      NM,31.96
CCVCB3F.SA,CVC BRASIL  ON      NM,2.26
CCXSE3F.SA,CAIXA SEGURION      NM,16.16
CCYRE3F.SA,CYRELA REALTON  EB  NM,24.19
CCYRE4.SA,Cyrela Brazil Realty S.A. Empreendimentos e Participações,22.83
CCYRE4F.SA,CYRELA REALTPN      NM,22.90
DD2OC34.SA,"Doximity, Inc.",40.89
DD2TC34.SA,"Dynatrace, Inc.",29.46
DDASA3F.SA,DASA        ON      NM,4.06
DDBAG34.SA,Deutsche Bank Aktiengesellschaft,208.95
DDCRA11.SA,Devant Fundo De Investimento Nas Cadeias Produtivas Agroindustriais - Fiagro-Imobiliario,7.39
DDEBB11.SA,BTG Pactual Teva Debentures Di Fundo De Indice,15.62
DDEFI11.SA,Hashdex Defi Index Fundo De Indice,19.81
DDESK3F.SA,NASDAQ Global Chemicals NTR Ind,17.00
DDEXP3F.SA,DEXXOS PAR  ON  EB  N1,7.91
DDEXP4F.SA,DEXXOS PAR  PN  EB  N1,7.90
DDIRR3F.SA,DIRECIONAL  ON      NM,13.72
DDIVD11.SA,It Now Idiv Renda Dividendos Fundo De Indice – Responsabilidade Limitada,60.18
DDIVO11.SA,It Now IDIV Index Fund,116.61
DDIVS11.SA,Sparta Infra Inflacao Longa In Fundo De I Em Cotas De Fundos De In Em Infraestrutura Renda Fixa,100.80
DDMVF3F.SA,D1000VFARMA ON      NM,6.70
DDOHL3F.SA,DOHLER      ON,6.45
DDOHL4F.SA,DOHLER      PN,3.69
DDOLA11.SA,BB ETF Indice Futuro De Dolar S&P B3 Fundo De Indice Responsabilidade Limitada,10.39
DDOLB11.SA,BTG SP DOLARCI,98.61
DDOLL39.SA,iShares Trust,54.28
DDOLX11.SA,TREND DOLAR CI,48.48
DDOTZ3F.SA,DOTZ SA     ON      NM,4.36
DDTCR39.SA,GX DATAINFRADRE ED,61.02
DDTCY3F.SA,"DTCOM,DIRECTON",2.42
DDUOL34.SA,DUOLINGO INCDRN,30.29
DDVER11.SA,Bb Etf Indice Diversidade B3 Investimento Sustentavel Fundo De Indice,12.21
DDXCO3F.SA,DEXCO       ON  EB  NM,5.28
EE2AG34.SA,Eagle Materials Inc.,73.59
EE2LS34.SA,"Equity LifeStyle Properties, Inc.",32.24
EE2NP34.SA,"Enphase Energy, Inc.",7.53
EE2NT34.SA,"Entegris, Inc.",29.04
EE2PA34.SA,"EPAM Systems, Inc.",19.06
EEALT3F.SA,ACO ALTONA  ON,14.03
EEALT4F.SA,ACO ALTONA  PN,14.00
EEBIT11.SA,Empiricus Teva Bitcoin Fundo De Indice - Responsabilidade Limitada,81.47
EECOO11.SA,iShares Índice Carbono Eficiente (ICO2) Brasil - Fundo de Índice,141.41
EECOR3F.SA,ECORODOVIAS ON      NM,10.99
EEETH11.SA,BTG Pactual Teva Ethereum Fundo De Indice,70.43
EEGAF11.SA,Ecoagro I Fundo De Investimento Nas Cadeias Produtivas Agroindustriais Fiagro Imobiliario,94.35
EEGIE3F.SA,ENGIE BRASILON  EJ  NM,31.00
EEKTR3F.SA,ELEKTRO     ON  EJ,43.10
EEKTR4F.SA,ELEKTRO     PN  EJ,39.30
EELAS11.SA,Safra ETF Mulheres Na Lideranca Fundo De Indice De Acoes,157.38
EEMAE4F.SA,EMAE        PN,43.70
EEMBJ3F.SA,EMBRAER     ON      NM,93.79
EEMET11Q.SA,FII EMET    CI,10.38
EENDD11.SA,Endurance Debt Fundo De Investimento Em Participacoes Em Infraestrutura,109.50
EENEV3F.SA,ENEVA       ON      NM,20.08
EENGI11F.SA,ENERGISA    UNT     N2,46.64
EENGI3F.SA,ENERGISA    ON      N2,12.59
EENGI4F.SA,ENERGISA    PN      N2,8.61
EENJU3F.SA,ENJOEI      ON      NM,1.03
EENMT3F.SA,ENERGISA MT ON,51.99
EENMT4F.SA,ENERGISA MT PN,54.99
EEPAR3F.SA,EMBPAR S/A  ON,4.02
EEPHE39.SA,MSCIPHILIPNEDRE,47.45
EEPOL39.SA,MSCI POLAND DRE,66.56
EEQMA3BF.SA,EQUATORIAL MARANHA,31.99
EEQPA3F.SA,EQTL PARA   ON,6.20
EEQPA5F.SA,EQTL PARA   PNA,14.90
EEQTL3F.SA,EQUATORIAL  ON  EJ  NM,38.25
EESGB11.SA,Btg Pactual Esg Fundo De Indice S P Brazil Esg,118.89
EESPA3F.SA,ESPACOLASER ON  ED  NM,1.00
EESTR3F.SA,ESTRELA     ON,4.84
EESTR4F.SA,ESTRELA     PN,5.29
EETER3F.SA,ETERNIT     ON      NM,4.05
EETHA39.SA,BKR ETHEREUMDRE,42.45
EETHE11.SA,Hashdex Nasdaq Ethereum Reference Price Fundo De Indice,48.93
EETHY11.SA,Buena Vista Dex Vettafi Neos Ethereum High Income Fundo De ÃNdice De Responsabilidade Limitada,103.15
EEUCA3F.SA,Nasdaq US Benchmark Financial S,20.89
EEUCA4F.SA,EUCATEX     PN  EJ  N1,18.20
EEVEN3F.SA,EVEN        ON      NM,7.47
EEVTC31.SA,EVERTEC INC DR1,158.08
EEWBZ11.SA,ISHARES BOVESPA BR+ EQUAL WEIGHT B3 CLASSE DE ÍNDICE - RESPONSABILIDADE LIMITADA,131.39
EEXIF11.SA,EXES FIC FI INFRAESTRUTURA RENDA FIXA CRÉDITO PRIVADO LONGO PRAZO - RESPONSABILIDADE LIMITADA,10.22
EEZTC3F.SA,EZTEC       ON      NM,13.87
FF2IC34.SA,Fair Isaac Corporation,192.86
FF2RS34.SA,Freshworks Inc.,21.26
FFDES11.SA,Fundo de Recuperacao Economica,0.28
FFDES11F.SA,FUNDES      CI,0.40
FFESA3F.SA,FERBASA     ON      N1,11.63
FFESA4F.SA,FERBASA     PN      N1,6.78
FFGAA11.SA,FG/Agro Fundo De Investimento Nas Cadeias Produtivas Agroindustriais - Fiagro-Imobiliario,9.30
FFHER3F.SA,FER HERINGERON      NM,4.12
FFICT3F.SA,FICTORALIMENON,2.03
FFIEI3F.SA,FICA        ON,14.50
FFIND11.SA,It Now IFNC Index Fund,169.46
FFIQE3F.SA,UNIFIQUE    ON  EDB NM,4.93
FFIXA11.SA,Mirae Asset Renda Fixa Pre Fundo De Indice,18.64
FFLRY3F.SA,FLEURY      ON      NM,15.39
FFNAM11.SA,Fundo de Investimento Amazônia - FINAM,0.38
FFNOR11.SA,Finor -Ci Fund,0.66
FFOMO11.SA,FOMO HASH   CI,27.36
FFRAS3F.SA,"FRAS,LE     ON      N1",23.81
FFRIO3F.SA,METALFRIO   ON      NM,175.04
FFSPE11.SA,Fiset Pesca Fiset Fspe,0.26
FFSPE11F.SA,FISET PESCA CI,0.27
FFSRF11.SA,Fiset FL Ref,0.10
FFSRF11F.SA,FISET FL REFCI,0.10
FFSTU11F.SA,FISET TUR   CI,0.26
FFTCA11.SA,Nch Recebiveis Do Agronegocio - Fiagro Imobiliario,9.26
FFZDA11.SA,FIAGRO FZDA CI,131.11
FFZDB11.SA,051 Agro Fazendas Iii Fundo De Investimento Nas Cadeias Produtivas Agroindustriais,144.20
GG1AM34.SA,GAMING LEISUDRN,48.20
GG2ME34.SA,"Globus Medical, Inc.",61.32
GGBIT11.SA,Galapagos Bitcoin Cme Cf Fundo De Indice,96.00
GGBTC11.SA,Buena Vista Hashdex Gold & Bitcoin Fundo De Indice - Responsabilidade Limitada,30.92
GGCRA11.SA,Galapagos Recebiveis Do Agronegocio Fiagro Imobiliario,54.33
GGDIV11.SA,Buena Vista Dex Neos International High Income Fundo De Indice De Responsabilidade Limitada,103.11
GGDXB39.SA,VanEck Gold Miners ETF,162.26
GGENB11.SA,Btg Pactual S&P B3 Ingenius Fundo De Indice,18.09
GGEPA3F.SA,GER PARANAP ON  ED,33.00
GGEPA4F.SA,GER PARANAP PN  ED,33.55
GGFSA3F.SA,GAFISA      ON      NM,4.90
GGFSA9F.SA,GAFISA      ON  REC NM,5.10
GGGBR3F.SA,GERDAU      ON      N1,18.10
GGGBR4F.SA,GERDAU      PN      N1,21.31
GGGPS3F.SA,GPS         ON      NM,16.60
GGGRC11Q.SA,--,9.84
GGICP11.SA,GENIAL DEBDIF11,10.31
GGLDI11.SA,IT NOW GOLD CI,56.45
GGLDX11.SA,Investo ETF Solactive Gold Spot Index Fundo De Indice,112.67
GGLFT11.SA,GLPG TEVALFTF11,103.55
GGMAT3F.SA,GRUPO MATEUSON      NM,4.46
GGMAT9F.SA,--,4.41
GGOAT11.SA,It Now Sp Imab Fundo De Indice Responsabilidade Limitada,53.90
GGOAU3F.SA,GERDAU MET  ON  EB  N1,8.82
GGOAU4F.SA,GERDAU MET  PN  EB  N1,9.25
GGOLB11.SA,BTGP GOLB   CI,108.46
GGOLD11.SA,Trend Etf Lbma Ouro Fundo Investimento Cotas De Fundo De Andice Investimento Exterior,25.06
GGOLL54F.SA,GOL         PN *P   N2,6.00
GGOLX11.SA,TREND OURO HCI,51.28
GGOVE11.SA,It Now IGCT Index Fund,70.58
GGPUS11.SA,Investo Gp Etf S&P 500 Fundo De Indice,112.40
GGRND3F.SA,GRENDENE    ON  ED  NM,4.62
GGROP31.SA,POTASSIO BR DR1,11.32
GGRWA11.SA,Greenwich Agro Fundo De Investimento Nas Cadeias Produtivas Agroindustriais - Fiagro - Imobiliario,8.33
GGSHP3F.SA,GENERALSHOPPON,4.10
GGUAR3F.SA,GUARARAPES  ON  EDJ NM,8.52
GGXUS11.SA,GLPG GLBEXUSCI,105.67
HH2TA34.SA,Healthcare Realty Trust Incorporated,23.06
HHAGA3F.SA,HAGA S/A    ON,1.65
HHAGA4F.SA,HAGA S/A    PN,1.11
HHAPV3F.SA,HAPVIDA     ON      NM,16.20
HHASH11.SA,Hashdex Nasdaq Crypto Index Fundo De Indice,67.60
HHBOR3F.SA,HELBOR      ON      NM,2.42
HHBRE3F.SA,HBR REALTY  ON  ED  NM,3.70
HHBSA3F.SA,HIDROVIAS   ON      NM,3.85
HHBTS5F.SA,HABITASUL   PNA,31.00
HHERT11.SA,Hedge Brasil Equity Reits Fundo De Indice De Responsabilidade Limitada,21.89
HHETA3F.SA,HERCULES    ON,60.00
HHETA4F.SA,HERCULES    PN,4.41
HHGBR11.SA,Nu Iboxx Investment Grade Hedge Carry Brl Classe De Índice Investimento No Exterior - RL,51.88
HHGPO11.SA,Cshg Jhsf Prime Offices Fundo De Investimento Imobiliario,145.30
HHIGH11.SA,Nu Ibov Smart High Beta B3 Classe De Indice,94.54
HHODL11.SA,Investo Etf Marketvector Bitcoin Benchmark Rate Fundo De Indice – Responsabilidade Limitada,82.55
HHOMS11.SA,FII HOMS    CI,121.38
HHOOT4F.SA,HOTEIS OTHONPN,5.92
HHTEK11.SA,Htek - It Now Morningstar Xt Us Healthcare Fundo De Indice,61.67
HHYBR11.SA,Nu Iboxx High Yield Hedge Carry Brl Classe De Indice Investimento No Exterior- Resp Limitada,52.10
HHYEM39.SA,VANECK EMERGDRE ED,35.82
HHYPE3F.SA,HYPERA      ON  EJ  NM,23.76
II2NG34.SA,Ingredion Incorporated,75.39
II2NV34.SA,Invitation Homes Inc.,27.42
II2RS34.SA,Ingersoll Rand Inc.,70.65
IIAAG11.SA,Inter Amerra - Fiagro - Imobiliario,8.72
IIAGR11.SA,Sfi Investimentos Do Agronegocio - Fiagro Imobiliario,4.25
IIB5M11.SA,It Now IMA-B5+ Fundo De Indice,118.20
IIBIT39.SA,BKR BITCOIN DRE,92.56
IIBOB11.SA,Btg Pactual B3 Ibovespa Fundo De Indice,133.80
IIBOV11.SA,IBOVESPA    IBO/,"163,626.00"
IIDKA11.SA,It Now Irfm P3 Fundo De Indice Responsabilidade Limitada,57.43
IIFCM3F.SA,INFRACOMM   ON      NM,1.10
IIFRA11.SA,Itau FIC De Fundos De Investimento Em Direitos Creditorios De Infraestrutura,99.03
IIFRI11.SA,Itau Fundo De Investimento Em Cotas De FIDIFEI Cdi Renda Fixa Credito Privado - Resp Limitada,103.92
IIGTI11.SA,Iguatemi S.A.,25.54
IIGTI11F.SA,IGUATEMI S.AUNT     N1,25.52
IIGTI3F.SA,IGUATEMI S.AON      N1,2.96
IIGTI4F.SA,IGUATEMI S.APN      N1,10.75
IIMAB11.SA,It Now Id ETF Ima-B Fundo De Indice,108.16
IIMBB11.SA,Etf Bradesco Ima-B Fundo De Indice,141.82
IINEP3F.SA,INEPAR      ON,1.43
IINEP4F.SA,INEPAR      PN,1.17
IINTB3F.SA,INTELBRAS   ON      NM,11.79
IIRBR3F.SA,IRBBRASIL REON      NM,51.81
IIRFM11.SA,It Now IRF - M P2 Fundo De Indice,97.40
IIRIF11.SA,Iridium Infra Fundo De Investim Em Cotas De Fundos Incent De Investim Em Infraes Renda Fixa,9.19
IISAE3F.SA,ISA ENERGIA ON  EJ  N1,33.98
IISAE4F.SA,ISA ENERGIA PN  EJ  N1,26.77
IISEN11.SA,ITAÚ ISENTO MARÇO 29 FUNDO DE INVESTIMENTO EM COTAS DE FIIF EM INFRA RF - RESP LIMITADA,108.75
IISET11.SA,Itaú Isento Setembro 28 Fundo De Investimento Em Cotas De Fiif Em Infra Rf Resp Limitada,108.00
IISNN11.SA,Itau Isento Julho 28 Fic De Fundos Incentivados De Inv Financeiro Em Infra Rf Resp Limitada,"1,018.00"
IISNT11.SA,Itau Isento Marco 28 Fundo De Investimento E Cotas D F I D I Financeiro Em Infraestrutura Renda Fixa,"1,054.79"
IISTT11.SA,Itau Isento Setembro 29 Fundo De Investimento Em Cotas De Fundos Incentivados De Inv Fi Em IRFRL,"1,049.71"
IISUS11.SA,It Now ISE Index Fund,42.33
IITSA3F.SA,ITAUSA      ON  EB  N1,12.21
IITSA4F.SA,ITAUSA      PN  EB  N1,11.80
IITUB3F.SA,ITAUUNIBANCOON  EJB N1,36.78
IITUB4F.SA,ITAUUNIBANCOPN  EJB N1,39.49
IIVVB11.SA,iShares S&P 500 Fundo de Investimento - Investimento No Exterior,419.95
IIWMI11.SA,Buena Vista Gestora De Recursos Ltda- Neos Russell 2000 High Income Ind Fundo De Indice,83.49
JJ2AZ34.SA,Jazz Pharmaceuticals plc,61.80
JJ2BL34.SA,Jabil Inc.,150.09
JJALL3F.SA,JALLESMACHADON      NM,2.72
JJFEN3F.SA,JOAO FORTES ON,1.03
JJGPX11.SA,Fundo De Investimento Nas Cadeias Produtivas Agroindustriais Jgp Credito Fiagro Imobiliario,73.05
JJHSF3F.SA,JHSF PART   ON      NM,7.89
JJMBI11.SA,Jivemaua Bossanova Fundo De Investimento Em Cotas De Fundos Incentivados De I Em I R F R Limitada,88.26
JJOGO11.SA,Investo Etf Global Video Gaming & Esports Fundo De Investimento De Indice - Ie,139.40
JJSLG3F.SA,JSL         ON  EDJ NM,6.09
JJURO11.SA,Sparta Infra Fundo Investimento Cotas Fundos Incentivados Investimento Infraestrutura Renda Fi Cr Pr,101.42
KKDIF11.SA,Kinea Infra Fundo Investimento Cotas Fundos Investimento Direitos Creditorios Infraestrutura,131.46
KKDOL11.SA,Kinea Agro Income Usd Fiagro-Imobiliario,93.95
KKEPL3F.SA,KEPLER WEBERON      NM,10.05
KKLBN11F.SA,KLABIN S/A  UNT EB  N2,18.41
KKLBN3F.SA,KLABIN S/A  ON  EB  N2,3.70
KKLBN4F.SA,KLABIN S/A  PN  EB  N2,3.70
KKNCA11.SA,Kinea Credito Agro Fiagro-Imobiliario,97.14
KKNDI11.SA,Kinea Estrategia Infra Cdi Fundo De Investimento Em Participacoes Em Infraestrutura Resp Limitada,103.08
KKNOX11.SA,Fip Knox Debt Infraestrutura,98.46
KKOPA11.SA,Kinea Oportunidades Agro I Fiagro - Responsabilidade Limitada,615.00
LL2IV34.SA,LivaNova PLC,42.59
LL2PL34.SA,LPL Financial Holdings Inc.,109.01
LL2RN34.SA,"Stride, Inc.",91.89
LLAFI11.SA,FIAGRO LAFI CI,115.97
LLAND3F.SA,TERRASANTAPAON      NM,8.38
LLAVV3F.SA,LAVVI       ON      NM,16.42
LLEVE3F.SA,METAL LEVE  ON      NM,33.55
LLFIN11.SA,BTGP LFIN   F11,103.89
LLFTB11.SA,Investo Etf Marketvector Brazil Treasury 760 Day Target Duration Classe De Indice - Responsab Limita,115.80
LLFTI11.SA,It Now Teva Tesouro Selic Fundo De Indice Responsabilidade Limitada,50.32
LLFTS11.SA,Investo Teva Tesouro Selic Etf - Fundo De Investimento De Indice,145.84
LLIGT3F.SA,LIGHT S/A   ON      NM,4.70
LLJQQ3F.SA,"QUERO,QUERO ON      NM",2.19
LLLFT11.SA,BTG Pactual Teva Tesouro Selic Fundo De Indice,108.36
LLOGG3F.SA,LOG COM PROPON  ED  NM,25.99
LLOGN3F.SA,"LOG,IN      ON      NM",33.20
LLPSB3F.SA,LOPES BRASILON      NM,1.70
LLREN3F.SA,LOJAS RENNERON      NM,13.07
LLSAG11.SA,LESTE FUNDO DE INVESTIMENTO NAS CADEIAS PRODUTIVAS AGROINDUSTRIAIS- FIAGRO - IMOBILIÁRIO,86.51
LLTNB11.SA,Btg Pactual Irf-M P2 Fundo De Indice,107.96
LLUPA3F.SA,LUPATECH    ON      NM,0.89
LLUXM4F.SA,TREVISA     PN,4.50
LLVBI11.SA,Fundo De Investimento Imobiliario - VBI Logistico - Cota Fund,111.33
LLVOL11.SA,Nu Ibov Smart Low Volatility B3 Classe De Indice - Responsabilidade Limitada,127.47
LLWSA3F.SA,LWSA        ON      NM,4.21
MM2PM34.SA,MP Materials Corp.,67.43
MM2PR34.SA,"Monolithic Power Systems, Inc.",85.05
MM2RV34.SA,"Marvell Technology, Inc.",47.80
MM2ST34.SA,Strategy Inc,12.42
MMAPT4F.SA,CEMEPE      PN,3.50
MMARG11.SA,Btg Pactual Margem Debentures Ultra Qualidade Di B3 Fundo De Indice,112.07
MMATB11.SA,It Now IMAT Index Fund,62.58
MMATD3F.SA,NASDAQ OMX Nordic Invest Compan,5.30
MMBRF3F.SA,MARFRIG     ON      NM,18.91
MMCRE11Q.SA,FII MAUA RE CI,9.20
MMDIA3F.SA,M.DIASBRANCOON  ED  NM,24.07
MMDNE3F.SA,MOURA DUBEUXON  ED  NM,26.87
MMEAL3F.SA,IMC S/A     ON      NM,1.27
MMELK3F.SA,MELNICK     ON      NM,3.68
MMERC4F.SA,MERC FINANC PN,13.25
MMETA11.SA,Hashdex Crypto Metaverse Fundo De Indice,13.34
MMGEL4F.SA,MANGELS INDLPN,5.72
MMGLU3F.SA,MAGAZ LUIZA ON  EB  NM,9.19
MMILL11.SA,It Now Msci Usa Imi Millenials Select 50 Fundo De Indice,85.55
MMILS3F.SA,MILLS       ON      NM,14.35
MMLAS3F.SA,MULTILASER  ON      NM,1.37
MMNDL3F.SA,STX TR.EXP.EU.50 NR EO,17.19
MMNPR3F.SA,MINUPAR     ON,4.50
MMOAR3F.SA,MONT ARANHA ON,62.00
MMOTV3F.SA,MOTIVA SA   ON      NM,15.36
MMOVI3F.SA,MOVIDA      ON  EJ  NM,9.71
MMRSA3BF.SA,MRS LOGISTICA,42.59
MMRVE3F.SA,MRV         ON      NM,8.03
MMTRE3F.SA,MITRE REALTYON  ED  NM,3.70
MMTSA4F.SA,STXE600 E.UK F.B.+T.PR EO,47.40
MMULT3F.SA,MULTIPLAN   ON  EJ  N2,27.41
MMWET3F.SA,WETZEL S/A  ON,18.18
MMWET4F.SA,WETZEL S/A  PN,8.38
MMYPK3F.SA,"IOCHP,MAXIONON      NM",9.72
NN2ET34.SA,"Cloudflare, Inc.",61.02
NN2LY34.SA,"Annaly Capital Management, Inc.",125.87
NN2TN34.SA,"Nutanix, Inc.",69.77
NN2VC34.SA,NovoCure Limited,7.77
NNASD11.SA,Trend Etf Nasdaq 100 Fundo De Investimento De Indice - Investimento No Exterior,19.31
NNATU3F.SA,NATURA      ON      NM,7.30
NNBIT11.SA,Nu Nasdaq Brazil Bitcoin Carry Futures Classe De Indice - Responsabilidade Limitada,38.73
NNBOV11.SA,Nu Ibovespa B3 BR + Classe De Indice Ibovespa B3 BR + Responsabilidade Limitada,119.58
NNCDI11.SA,NUCDISELICB3F11,103.16
NNDIV11.SA,Nu Renda Ibov Smart Dividendos Fundo De Indice,123.20
NNEOE3F.SA,NEOENERGIA  ON  EDJ NM,31.85
NNEXG11.SA,FIAGRO NEXG CI,130.26
NNEXP3F.SA,NEXPE       ON,2.96
NNGRD3F.SA,NEOGRID     ON      NM,28.05
NNLFA11.SA,Nu Letras Financeiras Anbima Classe De Índice - Responsabilidade Limitada,100.66
NNORD3F.SA,NORDON MET  ON,4.03
NNSAT34.SA,NATL STORAGEDRN,39.63
NNSDV11.SA,Nu Ibov Smart Dividendos Fundo De Indice,146.16
NNTNS11.SA,Investo Teva Tesouro Ipca+ 0 A 4 Anos Etf - Fundo De Investimento De Indice,61.92
NNUCL11.SA,Investo MVIS Global Uranium & Nuclear Energy ETF Fundo De Indice,91.86
NNUIF11.SA,Nu Asset FICFII Em Debentures De Infraestrutura Renda Fixa Credito Privado,94.30
NNUTR3F.SA,NUTRIPLANT  ON      MA,2.65
OO2HI34.SA,"Omega Healthcare Investors, Inc.",78.64
OO2NS34.SA,ON Semiconductor Corporation,40.89
OOBTC3.SA,Oranjebtc S.A. - Educação e Investimento,9.25
OOBTC3F.SA,ORANJEBTC   ON,9.30
OODPV3F.SA,ODONTOPREV  ON  EDJ NM,11.46
OOFSA3F.SA,OUROFINO S/AON  EJ  NM,23.75
OOGIN11.SA,Orama Fundo De Investimento Em Cotas De Fundos Incentivados De Investimento Em Infraestrutura Renda,8.03
OOIAG11.SA,Ourinvest Innovation - Fiagro Imobiliario,8.91
OOIBR3F.SA,OI          ON      N1,0.18
OOIBR4F.SA,OI          PN      N1,1.81
OONCO3F.SA,ONCOCLINICASON      NM,3.01
OONDA11.SA,--,9.77
OOPCT3F.SA,OCEANPACT   ON      NM,8.62
OORVR3F.SA,ORIZON      ON      NM,70.64
OOSXB3F.SA,OSX BRASIL  ON      NM,1.99
PP2AN34.SA,"Palo Alto Networks, Inc.",17.47
PP2CF34.SA,"Grupo Aeroportuario del Pacífico, S.A.B. de C.V.",9.99
PP2EG34.SA,Pegasystems Inc.,29.45
PP2NB34.SA,"Penumbra, Inc.",56.40
PP2ST34.SA,"Pure Storage, Inc.",92.43
PPACB11.SA,Btg Pactual Teva Tesouro Ipca Ultra Longo Ce Fundo De Indice - Responsabilidade Limitada,10.41
PPACC11.SA,Btg Pactual Ima-B 5 P2 Fundo De Indice,111.54
PPACG11.SA,BTG Pactual Ima-B Fundo De Indice,109.50
PPACL11.SA,Btg Pactual Ima-B 5+ Fundo De Indice,104.42
PPATI3F.SA,PANATLANTICAON,30.30
PPATI4F.SA,PANATLANTICAPN,35.50
PPCAR3F.SA,"P.ACUCAR,CBDON      NM",4.00
PPDGR3F.SA,PDG REALT   ON      NM,1.38
PPDTC3F.SA,PADTEC      ON      NM,1.36
PPEAB3F.SA,Nasdaq North America Chemicals,38.65
PPEAB4F.SA,PAR AL BAHIAPN  ED,37.62
PPETR3F.SA,PETROBRAS   ON  EDJ N2,31.18
PPETR4F.SA,PETROBRAS   PN  EDJ N2,29.76
PPETZ3F.SA,PETZ        ON      NM,0.00
PPEVC11.SA,Investo Bluestar Top 10 Us Listed Alternative Asset Managers Etf FII Investimento No Exterior,204.95
PPFIN11.SA,Perfin Apollo Energia Fundo De Investimento Em Participacoes Em Infraestrutura,77.65
PPFRM3F.SA,PROFARMA    ON  ED  NM,8.13
PPGMN1.SA,"PAGUE MENOS DO    5,51",0.98
PPGMN1F.SA,"PAGUE MENOS DO    5,51",0.97
PPGMN3F.SA,PAGUE MENOS ON  EJS NM,6.42
PPHIP11.SA,ITBRCURTOPHRF11,111.92
PPIBB11.SA,It Now PIBB IBrX-50 Index Fund,286.89
PPICE11.SA,Patria Infraestrutura Energia Core Fundo De Investimento Em Participacoes Em Infraestrutura,32.37
PPINE3F.SA,PINE        ON      N2,12.79
PPINE4F.SA,PINE        PN      N2,12.87
PPKIN11.SA,Bindex Etf Connect China Universal Csi 300 Fundo De Indice Responsabilidade Limitada,123.95
PPLAS3F.SA,PLASCAR PARTON,4.26
PPLCA11.SA,Plural Credito Agro - Fiagro - Imobiliario,73.91
PPLPL3F.SA,PLANOEPLANO ON  ED  NM,14.16
PPMAM3F.SA,PARANAPANEMAON      NM,0.71
PPMRL11.SA,FII PMRL    CI,101.07
PPNVL3F.SA,DIMED       ON      NM,12.08
PPOMO3F.SA,MARCOPOLO   ON  EB  N2,5.59
PPOMO4F.SA,MARCOPOLO   PN  EB  N2,5.93
PPOSI3F.SA,POSITIVO TECON      NM,4.05
PPPEI11.SA,Prisma Proton Energia Fundo De Investimento Em Participacoes Em Infraestrutura,79.98
PPRIF11.SA,INFRA PRIF  CI,101.00
PPRIO3F.SA,PETRORIO    ON      NM,41.14
PPRNR3F.SA,PRINER      ON      NM,15.84
PPSEC11.SA,Patria Securities Fundo De Investimento Imobiliário - Responsabilidade Limitada,64.21
PPSSA3F.SA,PORTO SEGUROON  EJ  NM,49.69
PPTBL3F.SA,PORTOBELLO  ON      NM,3.27
PPTNT3F.SA,PETTENATI   ON,8.55
PPTNT4F.SA,PETTENATI   PN,4.83
QQ2SC34.SA,QuantumScape Corporation,19.64
QQBTC11.SA,Qr Cme Cf Bitcoin Reference Rate Fundo De Indice Investimento No Exterior,29.74
QQDFI11.SA,Qr Bloomberg Defi Fundo De Indice - Investimento No Exterior,2.36
QQETH11.SA,Qr Cme Cf Ether Reference Rate Fundo De Indice Investimento No Exterior,11.97
QQLBR11.SA,RBINVESTOETFCI,115.59
QQQQI11.SA,Buena Vista Nasdaq-100 Neos High Income Etf Index (Ndxhien) Fundo De Indic - RL - Buena Vista II FI,101.25
QQQQQ11.SA,Buena Vista V Fundo De Indice,112.47
QQSOL11.SA,Qr Cme Cf Solana Dollar Reference Rate Fundo De Índice Investimento No Exterior Respons Limitada,8.90
QQTOP39.SA,iShares Trust,56.80
QQUAL3F.SA,QUALICORP   ON      NM,2.34
QQUBT34.SA,QUANTUM COMPDRN,64.18
RR2NG34.SA,"RingCentral, Inc.",6.08
RR2PD34.SA,"Rapid7, Inc.",6.37
RR2RX34.SA,Regal Rexnord Corporation,46.93
RRADL3F.SA,RAIADROGASILON  EB  NM,24.16
RRAIL3F.SA,RUMO S.A.   ON      NM,14.64
RRAIZ4F.SA,RAIZEN      PN      N2,0.83
RRANI3F.SA,IRANI       ON      NM,8.79
RRAPT3F.SA,RANDON PART ON      N1,6.19
RRAPT4F.SA,OMX Stockholm Energy GI,6.18
RRBFF11.SA,Rio Bravo Ifix Fundo De Fundos Investimento Imobiliario - FII,52.01
RRBIF11.SA,Rio Bravo Esg FICFI Em Infraestrutura Renda Fixa Credito Privado,74.53
RRBRP11.SA,Fundo Investimento Imobiliario Rbr Properties Fii,54.78
RRBRR11.SA,Fundo Investimento Imobiliario - FII RBR Rendimento High Grade,87.79
RRBRY11.SA,Fundo Investimeto Imobiliario Rbr Private Credito Imobiliario,98.63
RRCSL3F.SA,RECRUSUL    ON,2.61
RRCSL4F.SA,RECRUSUL    PN,8.99
RRDOR3F.SA,REDE D OR   ON  EDJ NM,40.95
RRECM11.SA,Rec Multiestrategia Fundo De Investimento Imobiliario Responsabilidade Limitada,8.59
RRECV3F.SA,PETRORECSA  ON      NM,11.04
RREDE1.SA,"REDE ENERGIADO    5,12",1.10
RREDE1F.SA,"REDE ENERGIADO    5,12",1.00
RREDE3F.SA,REDE ENERGIAON  ES,6.20
RRENT3F.SA,LOCALIZA    ON  EJB NM,44.00
RRENT4.SA,Localiza Rent a Car S.A.,42.79
RRENT4F.SA,LOCALIZA    PN      NM,42.87
RREVE11.SA,It Now Russell® 1000 Green Revenues 50 Fundo De Indice,66.41
RRGTI34.SA,RIGETTI COMPDRN,136.08
RRICO11.SA,Buena Vista Viii Fundo De Indice,33.46
RRIFF11.SA,Riff Fundo De Investimento Em Cotas De Fundos Incentivados De Investimento Em Infraestrut Renda Fixa,7.77
RRJDA11.SA,Rjdi Fundo De Investimento Imobiliario Resp Limitada,100.00
RRNEW3F.SA,RENOVA      ON      N2,1.05
RRNEW4F.SA,RENOVA      PN      N2,0.94
RROMI3F.SA,ROMI        ON  EJ  NM,8.14
RRPAD3F.SA,ALFA HOLDINGON,5.62
RRPAD5F.SA,ALFA HOLDINGPNA ED,6.65
RRPAD6F.SA,ALFA HOLDINGPNB,4.60
RRPMG3F.SA,PET MANGUINHON,2.05
RRSID3F.SA,ROSSI RESID ON      NM,1.47
RRSSL39.SA,GX RUSSL2000DRE ED,54.07
RRSUL4F.SA,MSCI EAFE MID/INDUSTRIA NETR US,65.25
RRURA11.SA,Itau Asset Rural Fiagro - Imobiliario,8.65
RRVEE3F.SA,REVEE       ON      NM,2.25
RRZAG11.SA,Fundo De Investimento Nas Cadeias Produtivas Agroindustriais Riza Agro - Fiagro - Imobiliario,9.42
RRZDL11.SA,FIP RZDL    CI  ER,"10,092.97"
SS2ED34.SA,"SolarEdge Technologies, Inc.",4.75
SS2FM34.SA,"Sprouts Farmers Market, Inc.",136.25
SS2NA34.SA,Snap Inc.,8.02
SS2RE34.SA,"Grupo Aeroportuario del Sureste, S. A. B. de C. V.",87.75
SS2TW34.SA,"Starwood Property Trust, Inc.",32.73
SS2YN34.SA,Synaptics Incorporated,15.19
SSANB11F.SA,SANTANDER BRUNT,33.12
SSANB3F.SA,SANTANDER BRON,16.13
SSANB4F.SA,SANTANDER BRPN,16.96
SSAPR11F.SA,SANEPAR     UNT EJ  N2,41.06
SSAPR3F.SA,SANEPAR     ON  EJ  N2,9.03
SSAPR4F.SA,SANEPAR     PN  EJ  N2,7.97
SSBFG3F.SA,GRUPO SBF   ON      NM,12.92
SSBFG3Q.SA,--,12.85
SSBSP3F.SA,SABESP      ON  EJB NM,129.45
SSCAR3F.SA,SAO CARLOS  ON      NM,13.67
SSCVB11.SA,Investo Marketvector Brazil Small Cap Value Etf - Fundo De Investimento De Andice,94.60
SSEER3F.SA,SER EDUCA   ON      NM,9.77
SSEQL3F.SA,SEQUOIA LOG ON      NM,2.16
SSFIX11.SA,Btg Pactual Teva Itbr Ipca 95-5 Fundo De Indice,104.02
SSHOW3F.SA,TIME FOR FUNON      NM,6.55
SSHUL4F.SA,SCHULZ      PN  EDJ,5.09
SSILK11.SA,It Now Msci China A50 Fundo De Indice Responsabilidade Limitada,61.20
SSIMH3F.SA,SIMPAR      ON      NM,5.28
SSIVR39.SA,ABDEN SILV  DRE,133.83
SSLCE3F.SA,SLC AGRICOLAON  EB  NM,14.40
SSMAB11.SA,Btg Pactual Smll B3 Fundo De Indice,8.26
SSMAC11.SA,It Now Small Cap Fundo De Indice Fund,59.32
SSMAL11.SA,iShares BM&FBovespa Small Cap Fundo de Índice,113.45
SSMFT1.SA,"SMART FIT   DO   19,94",2.99
SSMFT1F.SA,"SMART FIT   DO   19,94",3.01
SSMFT3F.SA,SMART FIT   ON      NM,23.08
SSMRT11.SA,FIDC SMRT   FID EA,100.00
SSMTO3F.SA,SAO MARTINHOON      NM,14.26
SSNAG11.SA,Suno Agro - Fiagro-Imobiliario,11.18
SSNFZ11.SA,Suno Fazendas Fiagro – Imobiliario,9.84
SSNID11.SA,Suno Infra Debentures FICFI De Investimento Em Infraestrutura Renda Fixa Credito Privado,11.31
SSNSY3F.SA,SANSUY      ON,10.78
SSNSY5F.SA,SANSUY      PNA,2.40
SSOFF11.SA,Fundo De Investimento Imobiliario Sofia,112.00
SSOJA3F.SA,BOA SAFRA   ON  EJB NM,8.64
SSOLH11.SA,Hashdex Nasdaq Solana Fundo De Indice,20.34
SSOLN39.SA,21SH SOLANA DRE,45.87
SSOND5F.SA,SONDOTECNICAPNA ED,58.10
SSOND6F.SA,SONDOTECNICAPNB ED,55.00
SSPBZ11.SA,BTG SPHEDGE CI,103.72
SSPMO11.SA,Supremo Fundo De Investimento Imobiliario,122.00
SSPUB11.SA,Safra Etf Ibovespa Empresas Estatais Fundo De Indice - Responsabilidade Limitada,54.28
SSPVT11.SA,Safra ETF Ibovespa Empresas Privadas Fundo De Indice - Responsabilidade Limitada,64.74
SSPXB11.SA,Btg Pactual S&P 500 Fundo De Indice,16.42
SSPXH11.SA,TREND SP BRLCI,50.13
SSPXI11.SA,It Now S&P500 TRN Fundo de Índice,408.72
SSPXR11.SA,IT Now S&P 500 Futures Quanto Brl Fundo De Indice - Responsabilidade Limitada,64.08
SSPYI11.SA,Buena Vista Us High Income Etf Fundo De Indice Neos U.S Equity High Income Index,113.40
SSTOC34.SA,StoneCo Ltd.,75.81
SSUIN11.SA,Sulamerica Infra Cdi Fundo De Investimento Em Cotas De Fundo De Investimento Financeiro Em IRFRL,104.03
SSUZB3F.SA,SUZANO S.A. ON  ED  NM,50.01
SSVAL11.SA,Investo ETF S&P Smallcap 600 Value Fundo De Investimento De Indice - Investimento No Exterior,138.50
SSYNE3F.SA,SYN PROP TECON      NM,4.72
TT10R11.SA,It Now Sp Tesouro Americano 10 Anos Brl Fundo De Indice - Responsabilidade Limitada,52.77
TT2ER34.SA,"Teradyne, Inc.",66.14
TT2ND34.SA,"Tandem Diabetes Care, Inc.",8.42
TT2RM34.SA,Trimble Inc.,43.28
TT2YL34.SA,"Tyler Technologies, Inc.",39.24
TTAEE11F.SA,TAESA       UNT     N2,41.45
TTAEE3F.SA,TAESA       ON      N2,13.72
TTAEE4F.SA,TAESA       PN      N2,13.92
TTASA3F.SA,TAURUS ARMASON      N2,5.49
TTASA4F.SA,TAURUS ARMASPN      N2,5.41
TTBIL39.SA,GX T BILL   DRE ED,53.89
TTCSA3F.SA,TECNISA     ON      NM,1.25
TTECK11.SA,It Now Nyse Fang+ Fundo De Indice,111.27
TTECN3F.SA,TECHNOS     ON  ED  NM,7.08
TTECX11.SA,B-Index Etf Connect China Amc Chinext Fundo De Indice Responsabilidade Limitada,165.15
TTELB3F.SA,TELEBRAS    ON,11.01
TTELB4F.SA,TELEBRAS    PN,8.30
TTEND3F.SA,TENDA       ON  ED  NM,24.62
TTF473.SA,--,10.00
TTF475.SA,--,20.00
TTF483.SA,--,10.00
TTF485.SA,--,20.00
TTF493.SA,--,20.00
TTF495.SA,--,20.00
TTF503.SA,--,10.00
TTF505.SA,--,20.00
TTF513.SA,--,20.00
TTF515.SA,--,20.00
TTF519.SA,ATIVO TESTE ON SPA,5.00
TTF523.SA,--,20.00
TTF525.SA,--,20.00
TTF533.SA,--,20.00
TTF535.SA,--,20.00
TTF543.SA,--,20.00
TTF545.SA,--,10.00
TTF553.SA,--,20.00
TTF563.SA,--,20.00
TTF565.SA,--,20.00
TTF573.SA,--,20.00
TTF575.SA,--,20.00
TTF583.SA,--,20.00
TTF585.SA,--,20.00
TTF593.SA,--,20.00
TTF603.SA,--,20.00
TTF623.SA,--,20.00
TTF655.SA,--,20.00
TTF665.SA,--,20.00
TTF675.SA,--,5.00
TTF681.SA,ATIVO TESTE ON SPA,20.00
TTF685.SA,--,5.00
TTF693.SA,ATIVO TESTE ON,5.00
TTF703.SA,ATIVO TESTE ON,5.00
TTF713.SA,ATIVO TESTE ON,5.00
TTF723.SA,ATIVO TESTE ON,5.00
TTFCO4F.SA,TRACK FIELD PN  EJ  N2,16.10
TTGMA3F.SA,TEGMA       ON      NM,36.22
TTIMS3F.SA,TIM         ON  EDJ NM,21.69
TTIRB11.SA,Btg Pactual Teva Dividendos Ativos Reais Listados Fundo De Indice - Responsabilidade Limitada,13.05
TTKNO3F.SA,TEKNO       ON,203.00
TTKNO4F.SA,TEKNO       PN,211.00
TTOKY3F.SA,GRUPO TOKY  ON      NM,0.80
TTOPB39.SA,iShares Trust,57.57
TTORD11.SA,Tordesilhas Ei Fundo De Investimento Imobiliario,1.98
TTOTS3F.SA,TOTVS       ON      NM,42.52
TTPIS3F.SA,TRIUNFO PARTON  ED  NM,5.05
TTRAD3F.SA,TC          ON      NM,3.95
TTRIG11.SA,Etf Trigono Teva Acoes Micro Cap / Small Cap Fundo De Indice,48.50
TTRIS3F.SA,TRISUL      ON  ED  NM,6.15
TTRUE11.SA,Fundo de Investimento Imobiliario True Multiestrategia - Responsibilidade Limitada,24.00
TTTEN3F.SA,3TENTOS     ON  ED  NM,16.21
TTUPY3F.SA,TUPY        ON      NM,11.76
TTURK39.SA,MSCI TURKEY DRE,48.97
TTXRX4F.SA,TEX RENAUX  PN,1.34
UU2PS34.SA,"Upstart Holdings, Inc.",13.65
UUCAS3F.SA,UNICASA     ON      NM,1.37
UUGPA3F.SA,ULTRAPAR    ON      NM,20.79
UUNIP3F.SA,UNIPAR      ON,59.84
UUNIP5F.SA,UNIPAR      PNA,62.22
UUNIP6F.SA,UNIPAR      PNB,60.51
UUSAL11.SA,Trend Etf Crsp Us Large Cap Fiim Ie,16.04
UUSDB11.SA,Investo Bloomberg Us Bond Etf Fundo De Investimento De indice  Investimento No Exterior,104.40
UUSIM3F.SA,FLEXSHARES ESG & CLIMATE DEVELO,6.44
UUSIM5F.SA,USIMINAS    PNA     N1,6.48
UUSIM6F.SA,USIMINAS    PNB     N1,7.88
UUSTK11.SA,Investo ETF MSCI US Technology Fundo De Investimento De Indice – Investimento No Exterior,18.60
UUTEC11.SA,Trend Etf Msci Us Technology Fundo De Investimento De Indice,24.46
UUTLL11.SA,Investo B3 Utilidade Pública Fundo De Índice,112.18
VV1RT34.SA,VERTIV HOLDSDRN,92.95
VV1ST34.SA,VISTRA CORP DRN ED,60.40
VV2TX34.SA,VTEX        DRN,19.32
VVALE3F.SA,VALE        ON      NM,76.24
VVAMO3F.SA,VAMOS       ON  EJ  NM,3.28
VVBBR3F.SA,VIBRA       ON      NM,25.33
VVCRA11.SA,Vectis Datagro Crédito Agronegócio - Fi Nas Cadeias Produtivas Do Agronegócio Resp Limitada,64.00
VVGIA11.SA,Valora Cra Fundo De Investimento In Agroindustrial Production Chains - Fiagro-Imobiliário,10.22
VVHFA11.SA,FIAGRO VHFA CI,10.60
VVIGT11.SA,Vinci Energia Fundo De Investimento Em Participacao Em Infraestrutura,43.28
VVINF11.SA,Vinland Infraestrutura FIIF Em DICI Em Cotas Renda Fixa Credito Privado Responsabilidade Limitada,94.65
VVITT3F.SA,VITTIA      ON  EJ  NM,4.76
VVIVA3F.SA,VIVARA S.A. ON  ED  NM,29.86
VVIVR1.SA,"VIVER       DO  198,00",0.01
VVIVR1F.SA,"VIVER       DO  198,00",0.01
VVIVR3F.SA,VIVER       ON  ES  NM,0.61
VVIVT3F.SA,TELEF BRASILON  EJ,32.92
VVLID3F.SA,VALID       ON      NM,20.73
VVSTE3F.SA,VESTE       ON      NM,3.84
VVTRU3F.SA,VITRUEDUCA  ON      NM,15.10
VVULC3F.SA,VULCABRAS   ON  ED  NM,19.66
VVVCR11.SA,V2 Recebíveis Imobiliários Fundo de Investimento Imobiliário,9.38
VVVEO3F.SA,VIVEO       ON      NM,1.38
VVWRA11.SA,Investo FTSE All-World Fundo De Indice,106.78
WWDCN3F.SA,WDC NETWORKSON      NM,2.74
WWEB311.SA,Hashdex Smart Contract Platforms Fundo De Indice,24.50
WWEGE3F.SA,WEG         ON  ED  NM,47.71
WWEJR11.SA,BTGP WEJR   F11,103.40
WWEST3F.SA,WESTWING    ON      NM,5.85
WWHRL3F.SA,WHIRLPOOL   ON,4.30
WWHRL4F.SA,WHIRLPOOL   PN,4.63
WWIZC3F.SA,WIZ CO      ON  ED  NM,9.20
WWLMM3F.SA,WLM IND COM ON  ED,22.00
WWLMM4F.SA,WLM IND COM PN  ED,21.40
WWRLD11.SA,Investo Ftse Global Equities Etf Fundo De Investimento De Indice Investimento Exterior,139.73
XXB3511.SA,TREND NTNB35F11,50.26
XXB5011.SA,TREND NTNB50F11,50.23
XXBIT11.SA,TREND BTC   CI,48.03
XXBOV11.SA,CAIXA ETF Ibovespa Fundo de Índice - Cotas Fund,158.48
XXETH11.SA,TREND ETH   CI,45.84
XXFIX11.SA,TREND ETF IFIX-L CLASSE DE ÍNDICE - RESPONSABILIDADE LIMITADA,13.40
XXINA11.SA,Trend Etf Msci China Fundo De Indice,8.64
XXLPR11.SA,RB Capital Recebaveis Imobiliarios Fundo De Investimento Imobiliario FII,77.21
XXPCA11.SA,Xp Credito Agricola - Fundo De Investimento Nas Cadeias Produtivas - Fiagro - Imobiliario,8.34
XXPCI11.SA,Xp Credito Imobiliario ae Fundo De Investimento Imobiliario,84.29
XXPID11.SA,XP FIC De Fundos Incentivados De Investimento Em Infraestrutura Renda Fixa,46.63
XXPIE11.SA,XP Infra Fund II Fundo De Investimento Em Participacoes Infraestrutura,53.80
XXRPH11.SA,Hashdex Nasdaq Xrp Fundo De Indice,18.43
XXRPV39.SA,VALOUR XRP  DRE,12.17
YYDUQ3F.SA,YDUQS PART  ON  ED  NM,12.59
ZZ2SC34.SA,"Zscaler, Inc.",41.44
